FQN,Signature,Jimple Code Representation,Method Source,Field Context,Constructor/Helper Signatures,Throws/Modifiers
org.apache.commons.codec.binary.StringUtils.<init>(),void <init>(),"{
    org.apache.commons.codec.binary.StringUtils this;


    this := @this: org.apache.commons.codec.binary.StringUtils;
    specialinvoke this.<java.lang.Object: void <init>()>();

    return;
}
",unavailable,unavailable,"equals(CharSequence, CharSequence) | public static
getBytes(String, Charset) | private static
getByteBuffer(String, Charset) | private static
getByteBufferUtf8(String) | public static
getBytesIso8859_1(String) | public static
getBytesUnchecked(String, String) | public static
getBytesUsAscii(String) | public static
getBytesUtf16(String) | public static
getBytesUtf16Be(String) | public static
getBytesUtf16Le(String) | public static
getBytesUtf8(String) | public static
newIllegalStateException(String, UnsupportedEncodingException) | private static
newString(byte[], Charset) | private static
newString(byte[], String) | public static
newStringIso8859_1(byte[]) | public static
newStringUsAscii(byte[]) | public static
newStringUtf16(byte[]) | public static
newStringUtf16Be(byte[]) | public static
newStringUtf16Le(byte[]) | public static
newStringUtf8(byte[]) | public static",source declaration unavailable
"org.apache.commons.codec.binary.StringUtils.equals(java.lang.CharSequence,java.lang.CharSequence)","boolean equals(java.lang.CharSequence,java.lang.CharSequence)","{
    java.lang.CharSequence cs1, cs2;
    unknown $stack2, $stack3, $stack4, $stack5, $stack6, $stack7, $stack8;


    cs1 := @parameter0: java.lang.CharSequence;
    cs2 := @parameter1: java.lang.CharSequence;

    if cs1 != cs2 goto label1;

    return 1;

  label1:
    if cs1 == null goto label2;

    if cs2 != null goto label3;

  label2:
    return 0;

  label3:
    $stack2 = cs1 instanceof java.lang.String;

    if $stack2 == 0 goto label4;
    $stack7 = cs2 instanceof java.lang.String;

    if $stack7 == 0 goto label4;
    $stack8 = virtualinvoke cs1.<java.lang.Object: boolean equals(java.lang.Object)>(cs2);

    return $stack8;

  label4:
    $stack4 = interfaceinvoke cs1.<java.lang.CharSequence: int length()>();
    $stack3 = interfaceinvoke cs2.<java.lang.CharSequence: int length()>();
    $stack5 = staticinvoke <java.lang.Math: int max(int,int)>($stack4, $stack3);
    $stack6 = staticinvoke <org.apache.commons.codec.binary.CharSequenceUtils: boolean regionMatches(java.lang.CharSequence,boolean,int,java.lang.CharSequence,int,int)>(cs1, 0, 0, cs2, 0, $stack5);

    return $stack6;
}
","/**
 * <p>
 * Compares two CharSequences, returning <code>true</code> if they represent equal sequences of characters.
 * </p>
 *
 * <p>
 * <code>null</code>s are handled without exceptions. Two <code>null</code> references are considered to be equal.
 * The comparison is case sensitive.
 * </p>
 *
 * <pre>
 * StringUtils.equals(null, null)   = true
 * StringUtils.equals(null, ""abc"")  = false
 * StringUtils.equals(""abc"", null)  = false
 * StringUtils.equals(""abc"", ""abc"") = true
 * StringUtils.equals(""abc"", ""ABC"") = false
 * </pre>
 *
 * <p>
 * Copied from Apache Commons Lang r1583482 on April 10, 2014 (day of 3.3.2 release).
 * </p>
 *
 * @see Object#equals(Object)
 * @param cs1
 *            the first CharSequence, may be <code>null</code>
 * @param cs2
 *            the second CharSequence, may be <code>null</code>
 * @return <code>true</code> if the CharSequences are equal (case-sensitive), or both <code>null</code>
 * @since 1.10
 */
public static boolean equals(final CharSequence cs1, final CharSequence cs2) {
    if (cs1 == cs2) {
        return true;
    }
    if (cs1 == null || cs2 == null) {
        return false;
    }
    if (cs1 instanceof String && cs2 instanceof String) {
        return cs1.equals(cs2);
    }
    return CharSequenceUtils.regionMatches(cs1, false, 0, cs2, 0, Math.max(cs1.length(), cs2.length()));
}",unavailable,"getBytes(String, Charset) | private static
getByteBuffer(String, Charset) | private static
getByteBufferUtf8(String) | public static
getBytesIso8859_1(String) | public static
getBytesUnchecked(String, String) | public static
getBytesUsAscii(String) | public static
getBytesUtf16(String) | public static
getBytesUtf16Be(String) | public static
getBytesUtf16Le(String) | public static
getBytesUtf8(String) | public static
newIllegalStateException(String, UnsupportedEncodingException) | private static
newString(byte[], Charset) | private static
newString(byte[], String) | public static
newStringIso8859_1(byte[]) | public static
newStringUsAscii(byte[]) | public static
newStringUtf16(byte[]) | public static
newStringUtf16Be(byte[]) | public static
newStringUtf16Le(byte[]) | public static
newStringUtf8(byte[]) | public static",public static
"org.apache.commons.codec.binary.StringUtils.getByteBuffer(java.lang.String,java.nio.charset.Charset)","java.nio.ByteBuffer getByteBuffer(java.lang.String,java.nio.charset.Charset)","{
    java.lang.String string;
    java.nio.charset.Charset charset;
    unknown $stack2, $stack3;


    string := @parameter0: java.lang.String;
    charset := @parameter1: java.nio.charset.Charset;

    if string != null goto label1;

    return null;

  label1:
    $stack2 = virtualinvoke string.<java.lang.String: byte[] getBytes(java.nio.charset.Charset)>(charset);
    $stack3 = staticinvoke <java.nio.ByteBuffer: java.nio.ByteBuffer wrap(byte[])>($stack2);

    return $stack3;
}
","/**
 * Calls {@link String#getBytes(Charset)}
 *
 * @param string
 *            The string to encode (if null, return null).
 * @param charset
 *            The {@link Charset} to encode the <code>String</code>
 * @return the encoded bytes
 * @since 1.11
 */
private static ByteBuffer getByteBuffer(final String string, final Charset charset) {
    if (string == null) {
        return null;
    }
    return ByteBuffer.wrap(string.getBytes(charset));
}",unavailable,"equals(CharSequence, CharSequence) | public static
getBytes(String, Charset) | private static
getByteBufferUtf8(String) | public static
getBytesIso8859_1(String) | public static
getBytesUnchecked(String, String) | public static
getBytesUsAscii(String) | public static
getBytesUtf16(String) | public static
getBytesUtf16Be(String) | public static
getBytesUtf16Le(String) | public static
getBytesUtf8(String) | public static
newIllegalStateException(String, UnsupportedEncodingException) | private static
newString(byte[], Charset) | private static
newString(byte[], String) | public static
newStringIso8859_1(byte[]) | public static
newStringUsAscii(byte[]) | public static
newStringUtf16(byte[]) | public static
newStringUtf16Be(byte[]) | public static
newStringUtf16Le(byte[]) | public static
newStringUtf8(byte[]) | public static",private static
org.apache.commons.codec.binary.StringUtils.getByteBufferUtf8(java.lang.String),java.nio.ByteBuffer getByteBufferUtf8(java.lang.String),"{
    java.lang.String string;
    unknown $stack1, $stack2;


    string := @parameter0: java.lang.String;
    $stack1 = <org.apache.commons.codec.Charsets: java.nio.charset.Charset UTF_8>;
    $stack2 = staticinvoke <org.apache.commons.codec.binary.StringUtils: java.nio.ByteBuffer getByteBuffer(java.lang.String,java.nio.charset.Charset)>(string, $stack1);

    return $stack2;
}
","/**
 * Encodes the given string into a byte buffer using the UTF-8 charset, storing the result into a new byte
 * array.
 *
 * @param string
 *            the String to encode, may be <code>null</code>
 * @return encoded bytes, or <code>null</code> if the input string was <code>null</code>
 * @throws NullPointerException
 *             Thrown if {@link Charsets#UTF_8} is not initialized, which should never happen since it is
 *             required by the Java platform specification.
 * @see <a href=""http://download.oracle.com/javase/6/docs/api/java/nio/charset/Charset.html"">Standard charsets</a>
 * @see #getBytesUnchecked(String, String)
 * @since 1.11
 */
public static ByteBuffer getByteBufferUtf8(final String string) {
    return getByteBuffer(string, Charsets.UTF_8);
}",unavailable,"equals(CharSequence, CharSequence) | public static
getBytes(String, Charset) | private static
getByteBuffer(String, Charset) | private static
getBytesIso8859_1(String) | public static
getBytesUnchecked(String, String) | public static
getBytesUsAscii(String) | public static
getBytesUtf16(String) | public static
getBytesUtf16Be(String) | public static
getBytesUtf16Le(String) | public static
getBytesUtf8(String) | public static
newIllegalStateException(String, UnsupportedEncodingException) | private static
newString(byte[], Charset) | private static
newString(byte[], String) | public static
newStringIso8859_1(byte[]) | public static
newStringUsAscii(byte[]) | public static
newStringUtf16(byte[]) | public static
newStringUtf16Be(byte[]) | public static
newStringUtf16Le(byte[]) | public static
newStringUtf8(byte[]) | public static",public static
"org.apache.commons.codec.binary.StringUtils.getBytes(java.lang.String,java.nio.charset.Charset)","byte[] getBytes(java.lang.String,java.nio.charset.Charset)","{
    java.lang.String string;
    java.nio.charset.Charset charset;
    unknown $stack2;


    string := @parameter0: java.lang.String;
    charset := @parameter1: java.nio.charset.Charset;

    if string != null goto label1;

    return null;

  label1:
    $stack2 = virtualinvoke string.<java.lang.String: byte[] getBytes(java.nio.charset.Charset)>(charset);

    return $stack2;
}
","/**
 * Calls {@link String#getBytes(Charset)}
 *
 * @param string
 *            The string to encode (if null, return null).
 * @param charset
 *            The {@link Charset} to encode the <code>String</code>
 * @return the encoded bytes
 */
private static byte[] getBytes(final String string, final Charset charset) {
    if (string == null) {
        return null;
    }
    return string.getBytes(charset);
}",unavailable,"equals(CharSequence, CharSequence) | public static
getByteBuffer(String, Charset) | private static
getByteBufferUtf8(String) | public static
getBytesIso8859_1(String) | public static
getBytesUnchecked(String, String) | public static
getBytesUsAscii(String) | public static
getBytesUtf16(String) | public static
getBytesUtf16Be(String) | public static
getBytesUtf16Le(String) | public static
getBytesUtf8(String) | public static
newIllegalStateException(String, UnsupportedEncodingException) | private static
newString(byte[], Charset) | private static
newString(byte[], String) | public static
newStringIso8859_1(byte[]) | public static
newStringUsAscii(byte[]) | public static
newStringUtf16(byte[]) | public static
newStringUtf16Be(byte[]) | public static
newStringUtf16Le(byte[]) | public static
newStringUtf8(byte[]) | public static",private static
org.apache.commons.codec.binary.StringUtils.getBytesIso8859_1(java.lang.String),byte[] getBytesIso8859_1(java.lang.String),"{
    java.lang.String string;
    unknown $stack1, $stack2;


    string := @parameter0: java.lang.String;
    $stack1 = <org.apache.commons.codec.Charsets: java.nio.charset.Charset ISO_8859_1>;
    $stack2 = staticinvoke <org.apache.commons.codec.binary.StringUtils: byte[] getBytes(java.lang.String,java.nio.charset.Charset)>(string, $stack1);

    return $stack2;
}
","/**
 * Encodes the given string into a sequence of bytes using the ISO-8859-1 charset, storing the result into a new
 * byte array.
 *
 * @param string
 *            the String to encode, may be <code>null</code>
 * @return encoded bytes, or <code>null</code> if the input string was <code>null</code>
 * @throws NullPointerException
 *             Thrown if {@link Charsets#ISO_8859_1} is not initialized, which should never happen since it is
 *             required by the Java platform specification.
 * @since As of 1.7, throws {@link NullPointerException} instead of UnsupportedEncodingException
 * @see <a href=""http://download.oracle.com/javase/6/docs/api/java/nio/charset/Charset.html"">Standard charsets</a>
 * @see #getBytesUnchecked(String, String)
 */
public static byte[] getBytesIso8859_1(final String string) {
    return getBytes(string, Charsets.ISO_8859_1);
}",unavailable,"equals(CharSequence, CharSequence) | public static
getBytes(String, Charset) | private static
getByteBuffer(String, Charset) | private static
getByteBufferUtf8(String) | public static
getBytesUnchecked(String, String) | public static
getBytesUsAscii(String) | public static
getBytesUtf16(String) | public static
getBytesUtf16Be(String) | public static
getBytesUtf16Le(String) | public static
getBytesUtf8(String) | public static
newIllegalStateException(String, UnsupportedEncodingException) | private static
newString(byte[], Charset) | private static
newString(byte[], String) | public static
newStringIso8859_1(byte[]) | public static
newStringUsAscii(byte[]) | public static
newStringUtf16(byte[]) | public static
newStringUtf16Be(byte[]) | public static
newStringUtf16Le(byte[]) | public static
newStringUtf8(byte[]) | public static",public static
"org.apache.commons.codec.binary.StringUtils.getBytesUnchecked(java.lang.String,java.lang.String)","byte[] getBytesUnchecked(java.lang.String,java.lang.String)","{
    java.lang.String charsetName, string;
    unknown $stack3, $stack4, $stack5, e;


    string := @parameter0: java.lang.String;
    charsetName := @parameter1: java.lang.String;

    if string != null goto label1;

    return null;

  label1:
    $stack3 = virtualinvoke string.<java.lang.String: byte[] getBytes(java.lang.String)>(charsetName);

  label2:
    return $stack3;

  label3:
    $stack4 := @caughtexception;
    e = $stack4;
    $stack5 = staticinvoke <org.apache.commons.codec.binary.StringUtils: java.lang.IllegalStateException newIllegalStateException(java.lang.String,java.io.UnsupportedEncodingException)>(charsetName, e);

    throw $stack5;

 catch java.io.UnsupportedEncodingException from label1 to label2 with label3;
}
","/**
 * Encodes the given string into a sequence of bytes using the named charset, storing the result into a new byte
 * array.
 * <p>
 * This method catches {@link UnsupportedEncodingException} and rethrows it as {@link IllegalStateException}, which
 * should never happen for a required charset name. Use this method when the encoding is required to be in the JRE.
 * </p>
 *
 * @param string
 *            the String to encode, may be <code>null</code>
 * @param charsetName
 *            The name of a required {@link java.nio.charset.Charset}
 * @return encoded bytes, or <code>null</code> if the input string was <code>null</code>
 * @throws IllegalStateException
 *             Thrown when a {@link UnsupportedEncodingException} is caught, which should never happen for a
 *             required charset name.
 * @see CharEncoding
 * @see String#getBytes(String)
 */
public static byte[] getBytesUnchecked(final String string, final String charsetName) {
    if (string == null) {
        return null;
    }
    try {
        return string.getBytes(charsetName);
    } catch (final UnsupportedEncodingException e) {
        throw StringUtils.newIllegalStateException(charsetName, e);
    }
}",unavailable,"equals(CharSequence, CharSequence) | public static
getBytes(String, Charset) | private static
getByteBuffer(String, Charset) | private static
getByteBufferUtf8(String) | public static
getBytesIso8859_1(String) | public static
getBytesUsAscii(String) | public static
getBytesUtf16(String) | public static
getBytesUtf16Be(String) | public static
getBytesUtf16Le(String) | public static
getBytesUtf8(String) | public static
newIllegalStateException(String, UnsupportedEncodingException) | private static
newString(byte[], Charset) | private static
newString(byte[], String) | public static
newStringIso8859_1(byte[]) | public static
newStringUsAscii(byte[]) | public static
newStringUtf16(byte[]) | public static
newStringUtf16Be(byte[]) | public static
newStringUtf16Le(byte[]) | public static
newStringUtf8(byte[]) | public static",public static
org.apache.commons.codec.binary.StringUtils.getBytesUsAscii(java.lang.String),byte[] getBytesUsAscii(java.lang.String),"{
    java.lang.String string;
    unknown $stack1, $stack2;


    string := @parameter0: java.lang.String;
    $stack1 = <org.apache.commons.codec.Charsets: java.nio.charset.Charset US_ASCII>;
    $stack2 = staticinvoke <org.apache.commons.codec.binary.StringUtils: byte[] getBytes(java.lang.String,java.nio.charset.Charset)>(string, $stack1);

    return $stack2;
}
","/**
 * Encodes the given string into a sequence of bytes using the US-ASCII charset, storing the result into a new byte
 * array.
 *
 * @param string
 *            the String to encode, may be <code>null</code>
 * @return encoded bytes, or <code>null</code> if the input string was <code>null</code>
 * @throws NullPointerException
 *             Thrown if {@link Charsets#US_ASCII} is not initialized, which should never happen since it is
 *             required by the Java platform specification.
 * @since As of 1.7, throws {@link NullPointerException} instead of UnsupportedEncodingException
 * @see <a href=""http://download.oracle.com/javase/6/docs/api/java/nio/charset/Charset.html"">Standard charsets</a>
 * @see #getBytesUnchecked(String, String)
 */
public static byte[] getBytesUsAscii(final String string) {
    return getBytes(string, Charsets.US_ASCII);
}",unavailable,"equals(CharSequence, CharSequence) | public static
getBytes(String, Charset) | private static
getByteBuffer(String, Charset) | private static
getByteBufferUtf8(String) | public static
getBytesIso8859_1(String) | public static
getBytesUnchecked(String, String) | public static
getBytesUtf16(String) | public static
getBytesUtf16Be(String) | public static
getBytesUtf16Le(String) | public static
getBytesUtf8(String) | public static
newIllegalStateException(String, UnsupportedEncodingException) | private static
newString(byte[], Charset) | private static
newString(byte[], String) | public static
newStringIso8859_1(byte[]) | public static
newStringUsAscii(byte[]) | public static
newStringUtf16(byte[]) | public static
newStringUtf16Be(byte[]) | public static
newStringUtf16Le(byte[]) | public static
newStringUtf8(byte[]) | public static",public static
org.apache.commons.codec.binary.StringUtils.getBytesUtf16(java.lang.String),byte[] getBytesUtf16(java.lang.String),"{
    java.lang.String string;
    unknown $stack1, $stack2;


    string := @parameter0: java.lang.String;
    $stack1 = <org.apache.commons.codec.Charsets: java.nio.charset.Charset UTF_16>;
    $stack2 = staticinvoke <org.apache.commons.codec.binary.StringUtils: byte[] getBytes(java.lang.String,java.nio.charset.Charset)>(string, $stack1);

    return $stack2;
}
","/**
 * Encodes the given string into a sequence of bytes using the UTF-16 charset, storing the result into a new byte
 * array.
 *
 * @param string
 *            the String to encode, may be <code>null</code>
 * @return encoded bytes, or <code>null</code> if the input string was <code>null</code>
 * @throws NullPointerException
 *             Thrown if {@link Charsets#UTF_16} is not initialized, which should never happen since it is
 *             required by the Java platform specification.
 * @since As of 1.7, throws {@link NullPointerException} instead of UnsupportedEncodingException
 * @see <a href=""http://download.oracle.com/javase/6/docs/api/java/nio/charset/Charset.html"">Standard charsets</a>
 * @see #getBytesUnchecked(String, String)
 */
public static byte[] getBytesUtf16(final String string) {
    return getBytes(string, Charsets.UTF_16);
}",unavailable,"equals(CharSequence, CharSequence) | public static
getBytes(String, Charset) | private static
getByteBuffer(String, Charset) | private static
getByteBufferUtf8(String) | public static
getBytesIso8859_1(String) | public static
getBytesUnchecked(String, String) | public static
getBytesUsAscii(String) | public static
getBytesUtf16Be(String) | public static
getBytesUtf16Le(String) | public static
getBytesUtf8(String) | public static
newIllegalStateException(String, UnsupportedEncodingException) | private static
newString(byte[], Charset) | private static
newString(byte[], String) | public static
newStringIso8859_1(byte[]) | public static
newStringUsAscii(byte[]) | public static
newStringUtf16(byte[]) | public static
newStringUtf16Be(byte[]) | public static
newStringUtf16Le(byte[]) | public static
newStringUtf8(byte[]) | public static",public static
org.apache.commons.codec.binary.StringUtils.getBytesUtf16Be(java.lang.String),byte[] getBytesUtf16Be(java.lang.String),"{
    java.lang.String string;
    unknown $stack1, $stack2;


    string := @parameter0: java.lang.String;
    $stack1 = <org.apache.commons.codec.Charsets: java.nio.charset.Charset UTF_16BE>;
    $stack2 = staticinvoke <org.apache.commons.codec.binary.StringUtils: byte[] getBytes(java.lang.String,java.nio.charset.Charset)>(string, $stack1);

    return $stack2;
}
","/**
 * Encodes the given string into a sequence of bytes using the UTF-16BE charset, storing the result into a new byte
 * array.
 *
 * @param string
 *            the String to encode, may be <code>null</code>
 * @return encoded bytes, or <code>null</code> if the input string was <code>null</code>
 * @throws NullPointerException
 *             Thrown if {@link Charsets#UTF_16BE} is not initialized, which should never happen since it is
 *             required by the Java platform specification.
 * @since As of 1.7, throws {@link NullPointerException} instead of UnsupportedEncodingException
 * @see <a href=""http://download.oracle.com/javase/6/docs/api/java/nio/charset/Charset.html"">Standard charsets</a>
 * @see #getBytesUnchecked(String, String)
 */
public static byte[] getBytesUtf16Be(final String string) {
    return getBytes(string, Charsets.UTF_16BE);
}",unavailable,"equals(CharSequence, CharSequence) | public static
getBytes(String, Charset) | private static
getByteBuffer(String, Charset) | private static
getByteBufferUtf8(String) | public static
getBytesIso8859_1(String) | public static
getBytesUnchecked(String, String) | public static
getBytesUsAscii(String) | public static
getBytesUtf16(String) | public static
getBytesUtf16Le(String) | public static
getBytesUtf8(String) | public static
newIllegalStateException(String, UnsupportedEncodingException) | private static
newString(byte[], Charset) | private static
newString(byte[], String) | public static
newStringIso8859_1(byte[]) | public static
newStringUsAscii(byte[]) | public static
newStringUtf16(byte[]) | public static
newStringUtf16Be(byte[]) | public static
newStringUtf16Le(byte[]) | public static
newStringUtf8(byte[]) | public static",public static
org.apache.commons.codec.binary.StringUtils.getBytesUtf16Le(java.lang.String),byte[] getBytesUtf16Le(java.lang.String),"{
    java.lang.String string;
    unknown $stack1, $stack2;


    string := @parameter0: java.lang.String;
    $stack1 = <org.apache.commons.codec.Charsets: java.nio.charset.Charset UTF_16LE>;
    $stack2 = staticinvoke <org.apache.commons.codec.binary.StringUtils: byte[] getBytes(java.lang.String,java.nio.charset.Charset)>(string, $stack1);

    return $stack2;
}
","/**
 * Encodes the given string into a sequence of bytes using the UTF-16LE charset, storing the result into a new byte
 * array.
 *
 * @param string
 *            the String to encode, may be <code>null</code>
 * @return encoded bytes, or <code>null</code> if the input string was <code>null</code>
 * @throws NullPointerException
 *             Thrown if {@link Charsets#UTF_16LE} is not initialized, which should never happen since it is
 *             required by the Java platform specification.
 * @since As of 1.7, throws {@link NullPointerException} instead of UnsupportedEncodingException
 * @see <a href=""http://download.oracle.com/javase/6/docs/api/java/nio/charset/Charset.html"">Standard charsets</a>
 * @see #getBytesUnchecked(String, String)
 */
public static byte[] getBytesUtf16Le(final String string) {
    return getBytes(string, Charsets.UTF_16LE);
}",unavailable,"equals(CharSequence, CharSequence) | public static
getBytes(String, Charset) | private static
getByteBuffer(String, Charset) | private static
getByteBufferUtf8(String) | public static
getBytesIso8859_1(String) | public static
getBytesUnchecked(String, String) | public static
getBytesUsAscii(String) | public static
getBytesUtf16(String) | public static
getBytesUtf16Be(String) | public static
getBytesUtf8(String) | public static
newIllegalStateException(String, UnsupportedEncodingException) | private static
newString(byte[], Charset) | private static
newString(byte[], String) | public static
newStringIso8859_1(byte[]) | public static
newStringUsAscii(byte[]) | public static
newStringUtf16(byte[]) | public static
newStringUtf16Be(byte[]) | public static
newStringUtf16Le(byte[]) | public static
newStringUtf8(byte[]) | public static",public static
org.apache.commons.codec.binary.StringUtils.getBytesUtf8(java.lang.String),byte[] getBytesUtf8(java.lang.String),"{
    java.lang.String string;
    unknown $stack1, $stack2;


    string := @parameter0: java.lang.String;
    $stack1 = <org.apache.commons.codec.Charsets: java.nio.charset.Charset UTF_8>;
    $stack2 = staticinvoke <org.apache.commons.codec.binary.StringUtils: byte[] getBytes(java.lang.String,java.nio.charset.Charset)>(string, $stack1);

    return $stack2;
}
","/**
 * Encodes the given string into a sequence of bytes using the UTF-8 charset, storing the result into a new byte
 * array.
 *
 * @param string
 *            the String to encode, may be <code>null</code>
 * @return encoded bytes, or <code>null</code> if the input string was <code>null</code>
 * @throws NullPointerException
 *             Thrown if {@link Charsets#UTF_8} is not initialized, which should never happen since it is
 *             required by the Java platform specification.
 * @since As of 1.7, throws {@link NullPointerException} instead of UnsupportedEncodingException
 * @see <a href=""http://download.oracle.com/javase/6/docs/api/java/nio/charset/Charset.html"">Standard charsets</a>
 * @see #getBytesUnchecked(String, String)
 */
public static byte[] getBytesUtf8(final String string) {
    return getBytes(string, Charsets.UTF_8);
}",unavailable,"equals(CharSequence, CharSequence) | public static
getBytes(String, Charset) | private static
getByteBuffer(String, Charset) | private static
getByteBufferUtf8(String) | public static
getBytesIso8859_1(String) | public static
getBytesUnchecked(String, String) | public static
getBytesUsAscii(String) | public static
getBytesUtf16(String) | public static
getBytesUtf16Be(String) | public static
getBytesUtf16Le(String) | public static
newIllegalStateException(String, UnsupportedEncodingException) | private static
newString(byte[], Charset) | private static
newString(byte[], String) | public static
newStringIso8859_1(byte[]) | public static
newStringUsAscii(byte[]) | public static
newStringUtf16(byte[]) | public static
newStringUtf16Be(byte[]) | public static
newStringUtf16Le(byte[]) | public static
newStringUtf8(byte[]) | public static",public static
"org.apache.commons.codec.binary.StringUtils.newIllegalStateException(java.lang.String,java.io.UnsupportedEncodingException)","java.lang.IllegalStateException newIllegalStateException(java.lang.String,java.io.UnsupportedEncodingException)","{
    java.io.UnsupportedEncodingException e;
    java.lang.String charsetName;
    unknown $stack2, $stack3, $stack4, $stack5, $stack6, $stack7;


    charsetName := @parameter0: java.lang.String;
    e := @parameter1: java.io.UnsupportedEncodingException;
    $stack7 = new java.lang.IllegalStateException;
    $stack2 = new java.lang.StringBuilder;
    specialinvoke $stack2.<java.lang.StringBuilder: void <init>()>();
    $stack3 = virtualinvoke $stack2.<java.lang.StringBuilder: java.lang.StringBuilder append(java.lang.String)>(charsetName);
    $stack4 = virtualinvoke $stack3.<java.lang.StringBuilder: java.lang.StringBuilder append(java.lang.String)>("": "");
    $stack5 = virtualinvoke $stack4.<java.lang.StringBuilder: java.lang.StringBuilder append(java.lang.Object)>(e);
    $stack6 = virtualinvoke $stack5.<java.lang.StringBuilder: java.lang.String toString()>();
    specialinvoke $stack7.<java.lang.IllegalStateException: void <init>(java.lang.String)>($stack6);

    return $stack7;
}
","private static IllegalStateException newIllegalStateException(final String charsetName, final UnsupportedEncodingException e) {
    return new IllegalStateException(charsetName + "": "" + e);
}",unavailable,"equals(CharSequence, CharSequence) | public static
getBytes(String, Charset) | private static
getByteBuffer(String, Charset) | private static
getByteBufferUtf8(String) | public static
getBytesIso8859_1(String) | public static
getBytesUnchecked(String, String) | public static
getBytesUsAscii(String) | public static
getBytesUtf16(String) | public static
getBytesUtf16Be(String) | public static
getBytesUtf16Le(String) | public static
getBytesUtf8(String) | public static
newString(byte[], Charset) | private static
newString(byte[], String) | public static
newStringIso8859_1(byte[]) | public static
newStringUsAscii(byte[]) | public static
newStringUtf16(byte[]) | public static
newStringUtf16Be(byte[]) | public static
newStringUtf16Le(byte[]) | public static
newStringUtf8(byte[]) | public static",private static
"org.apache.commons.codec.binary.StringUtils.newString(byte[],java.lang.String)","java.lang.String newString(byte[],java.lang.String)","{
    byte[] bytes;
    java.lang.String charsetName;
    unknown $stack3, $stack4, $stack5, e;


    bytes := @parameter0: byte[];
    charsetName := @parameter1: java.lang.String;

    if bytes != null goto label1;

    return null;

  label1:
    $stack3 = new java.lang.String;
    specialinvoke $stack3.<java.lang.String: void <init>(byte[],java.lang.String)>(bytes, charsetName);

  label2:
    return $stack3;

  label3:
    $stack4 := @caughtexception;
    e = $stack4;
    $stack5 = staticinvoke <org.apache.commons.codec.binary.StringUtils: java.lang.IllegalStateException newIllegalStateException(java.lang.String,java.io.UnsupportedEncodingException)>(charsetName, e);

    throw $stack5;

 catch java.io.UnsupportedEncodingException from label1 to label2 with label3;
}
","/**
 * Constructs a new <code>String</code> by decoding the specified array of bytes using the given charset.
 * <p>
 * This method catches {@link UnsupportedEncodingException} and re-throws it as {@link IllegalStateException}, which
 * should never happen for a required charset name. Use this method when the encoding is required to be in the JRE.
 * </p>
 *
 * @param bytes
 *            The bytes to be decoded into characters, may be <code>null</code>
 * @param charsetName
 *            The name of a required {@link java.nio.charset.Charset}
 * @return A new <code>String</code> decoded from the specified array of bytes using the given charset,
 *         or <code>null</code> if the input byte array was <code>null</code>.
 * @throws IllegalStateException
 *             Thrown when a {@link UnsupportedEncodingException} is caught, which should never happen for a
 *             required charset name.
 * @see CharEncoding
 * @see String#String(byte[], String)
 */
public static String newString(final byte[] bytes, final String charsetName) {
    if (bytes == null) {
        return null;
    }
    try {
        return new String(bytes, charsetName);
    } catch (final UnsupportedEncodingException e) {
        throw StringUtils.newIllegalStateException(charsetName, e);
    }
}",unavailable,"equals(CharSequence, CharSequence) | public static
getBytes(String, Charset) | private static
getByteBuffer(String, Charset) | private static
getByteBufferUtf8(String) | public static
getBytesIso8859_1(String) | public static
getBytesUnchecked(String, String) | public static
getBytesUsAscii(String) | public static
getBytesUtf16(String) | public static
getBytesUtf16Be(String) | public static
getBytesUtf16Le(String) | public static
getBytesUtf8(String) | public static
newIllegalStateException(String, UnsupportedEncodingException) | private static
newString(byte[], Charset) | private static
newStringIso8859_1(byte[]) | public static
newStringUsAscii(byte[]) | public static
newStringUtf16(byte[]) | public static
newStringUtf16Be(byte[]) | public static
newStringUtf16Le(byte[]) | public static
newStringUtf8(byte[]) | public static",public static
"org.apache.commons.codec.binary.StringUtils.newString(byte[],java.nio.charset.Charset)","java.lang.String newString(byte[],java.nio.charset.Charset)","{
    byte[] bytes;
    java.nio.charset.Charset charset;
    unknown $stack2;


    bytes := @parameter0: byte[];
    charset := @parameter1: java.nio.charset.Charset;

    if bytes != null goto label1;
    $stack2 = null;

    goto label2;

  label1:
    $stack2 = new java.lang.String;
    specialinvoke $stack2.<java.lang.String: void <init>(byte[],java.nio.charset.Charset)>(bytes, charset);

  label2:
    return $stack2;
}
","/**
 * Constructs a new <code>String</code> by decoding the specified array of bytes using the given charset.
 *
 * @param bytes
 *            The bytes to be decoded into characters
 * @param charset
 *            The {@link Charset} to encode the <code>String</code>; not {@code null}
 * @return A new <code>String</code> decoded from the specified array of bytes using the given charset,
 *         or <code>null</code> if the input byte array was <code>null</code>.
 * @throws NullPointerException
 *             Thrown if charset is {@code null}
 */
private static String newString(final byte[] bytes, final Charset charset) {
    return bytes == null ? null : new String(bytes, charset);
}",unavailable,"equals(CharSequence, CharSequence) | public static
getBytes(String, Charset) | private static
getByteBuffer(String, Charset) | private static
getByteBufferUtf8(String) | public static
getBytesIso8859_1(String) | public static
getBytesUnchecked(String, String) | public static
getBytesUsAscii(String) | public static
getBytesUtf16(String) | public static
getBytesUtf16Be(String) | public static
getBytesUtf16Le(String) | public static
getBytesUtf8(String) | public static
newIllegalStateException(String, UnsupportedEncodingException) | private static
newString(byte[], String) | public static
newStringIso8859_1(byte[]) | public static
newStringUsAscii(byte[]) | public static
newStringUtf16(byte[]) | public static
newStringUtf16Be(byte[]) | public static
newStringUtf16Le(byte[]) | public static
newStringUtf8(byte[]) | public static",private static
org.apache.commons.codec.binary.StringUtils.newStringIso8859_1(byte[]),java.lang.String newStringIso8859_1(byte[]),"{
    byte[] bytes;
    unknown $stack1, $stack2;


    bytes := @parameter0: byte[];
    $stack1 = <org.apache.commons.codec.Charsets: java.nio.charset.Charset ISO_8859_1>;
    $stack2 = staticinvoke <org.apache.commons.codec.binary.StringUtils: java.lang.String newString(byte[],java.nio.charset.Charset)>(bytes, $stack1);

    return $stack2;
}
","/**
 * Constructs a new <code>String</code> by decoding the specified array of bytes using the ISO-8859-1 charset.
 *
 * @param bytes
 *            The bytes to be decoded into characters, may be <code>null</code>
 * @return A new <code>String</code> decoded from the specified array of bytes using the ISO-8859-1 charset, or
 *         <code>null</code> if the input byte array was <code>null</code>.
 * @throws NullPointerException
 *             Thrown if {@link Charsets#ISO_8859_1} is not initialized, which should never happen since it is
 *             required by the Java platform specification.
 * @since As of 1.7, throws {@link NullPointerException} instead of UnsupportedEncodingException
 */
public static String newStringIso8859_1(final byte[] bytes) {
    return newString(bytes, Charsets.ISO_8859_1);
}",unavailable,"equals(CharSequence, CharSequence) | public static
getBytes(String, Charset) | private static
getByteBuffer(String, Charset) | private static
getByteBufferUtf8(String) | public static
getBytesIso8859_1(String) | public static
getBytesUnchecked(String, String) | public static
getBytesUsAscii(String) | public static
getBytesUtf16(String) | public static
getBytesUtf16Be(String) | public static
getBytesUtf16Le(String) | public static
getBytesUtf8(String) | public static
newIllegalStateException(String, UnsupportedEncodingException) | private static
newString(byte[], Charset) | private static
newString(byte[], String) | public static
newStringUsAscii(byte[]) | public static
newStringUtf16(byte[]) | public static
newStringUtf16Be(byte[]) | public static
newStringUtf16Le(byte[]) | public static
newStringUtf8(byte[]) | public static",public static
org.apache.commons.codec.binary.StringUtils.newStringUsAscii(byte[]),java.lang.String newStringUsAscii(byte[]),"{
    byte[] bytes;
    unknown $stack1, $stack2;


    bytes := @parameter0: byte[];
    $stack1 = <org.apache.commons.codec.Charsets: java.nio.charset.Charset US_ASCII>;
    $stack2 = staticinvoke <org.apache.commons.codec.binary.StringUtils: java.lang.String newString(byte[],java.nio.charset.Charset)>(bytes, $stack1);

    return $stack2;
}
","/**
 * Constructs a new <code>String</code> by decoding the specified array of bytes using the US-ASCII charset.
 *
 * @param bytes
 *            The bytes to be decoded into characters
 * @return A new <code>String</code> decoded from the specified array of bytes using the US-ASCII charset,
 *         or <code>null</code> if the input byte array was <code>null</code>.
 * @throws NullPointerException
 *             Thrown if {@link Charsets#US_ASCII} is not initialized, which should never happen since it is
 *             required by the Java platform specification.
 * @since As of 1.7, throws {@link NullPointerException} instead of UnsupportedEncodingException
 */
public static String newStringUsAscii(final byte[] bytes) {
    return newString(bytes, Charsets.US_ASCII);
}",unavailable,"equals(CharSequence, CharSequence) | public static
getBytes(String, Charset) | private static
getByteBuffer(String, Charset) | private static
getByteBufferUtf8(String) | public static
getBytesIso8859_1(String) | public static
getBytesUnchecked(String, String) | public static
getBytesUsAscii(String) | public static
getBytesUtf16(String) | public static
getBytesUtf16Be(String) | public static
getBytesUtf16Le(String) | public static
getBytesUtf8(String) | public static
newIllegalStateException(String, UnsupportedEncodingException) | private static
newString(byte[], Charset) | private static
newString(byte[], String) | public static
newStringIso8859_1(byte[]) | public static
newStringUtf16(byte[]) | public static
newStringUtf16Be(byte[]) | public static
newStringUtf16Le(byte[]) | public static
newStringUtf8(byte[]) | public static",public static
org.apache.commons.codec.binary.StringUtils.newStringUtf16(byte[]),java.lang.String newStringUtf16(byte[]),"{
    byte[] bytes;
    unknown $stack1, $stack2;


    bytes := @parameter0: byte[];
    $stack1 = <org.apache.commons.codec.Charsets: java.nio.charset.Charset UTF_16>;
    $stack2 = staticinvoke <org.apache.commons.codec.binary.StringUtils: java.lang.String newString(byte[],java.nio.charset.Charset)>(bytes, $stack1);

    return $stack2;
}
","/**
 * Constructs a new <code>String</code> by decoding the specified array of bytes using the UTF-16 charset.
 *
 * @param bytes
 *            The bytes to be decoded into characters
 * @return A new <code>String</code> decoded from the specified array of bytes using the UTF-16 charset
 *         or <code>null</code> if the input byte array was <code>null</code>.
 * @throws NullPointerException
 *             Thrown if {@link Charsets#UTF_16} is not initialized, which should never happen since it is
 *             required by the Java platform specification.
 * @since As of 1.7, throws {@link NullPointerException} instead of UnsupportedEncodingException
 */
public static String newStringUtf16(final byte[] bytes) {
    return newString(bytes, Charsets.UTF_16);
}",unavailable,"equals(CharSequence, CharSequence) | public static
getBytes(String, Charset) | private static
getByteBuffer(String, Charset) | private static
getByteBufferUtf8(String) | public static
getBytesIso8859_1(String) | public static
getBytesUnchecked(String, String) | public static
getBytesUsAscii(String) | public static
getBytesUtf16(String) | public static
getBytesUtf16Be(String) | public static
getBytesUtf16Le(String) | public static
getBytesUtf8(String) | public static
newIllegalStateException(String, UnsupportedEncodingException) | private static
newString(byte[], Charset) | private static
newString(byte[], String) | public static
newStringIso8859_1(byte[]) | public static
newStringUsAscii(byte[]) | public static
newStringUtf16Be(byte[]) | public static
newStringUtf16Le(byte[]) | public static
newStringUtf8(byte[]) | public static",public static
org.apache.commons.codec.binary.StringUtils.newStringUtf16Be(byte[]),java.lang.String newStringUtf16Be(byte[]),"{
    byte[] bytes;
    unknown $stack1, $stack2;


    bytes := @parameter0: byte[];
    $stack1 = <org.apache.commons.codec.Charsets: java.nio.charset.Charset UTF_16BE>;
    $stack2 = staticinvoke <org.apache.commons.codec.binary.StringUtils: java.lang.String newString(byte[],java.nio.charset.Charset)>(bytes, $stack1);

    return $stack2;
}
","/**
 * Constructs a new <code>String</code> by decoding the specified array of bytes using the UTF-16BE charset.
 *
 * @param bytes
 *            The bytes to be decoded into characters
 * @return A new <code>String</code> decoded from the specified array of bytes using the UTF-16BE charset,
 *         or <code>null</code> if the input byte array was <code>null</code>.
 * @throws NullPointerException
 *             Thrown if {@link Charsets#UTF_16BE} is not initialized, which should never happen since it is
 *             required by the Java platform specification.
 * @since As of 1.7, throws {@link NullPointerException} instead of UnsupportedEncodingException
 */
public static String newStringUtf16Be(final byte[] bytes) {
    return newString(bytes, Charsets.UTF_16BE);
}",unavailable,"equals(CharSequence, CharSequence) | public static
getBytes(String, Charset) | private static
getByteBuffer(String, Charset) | private static
getByteBufferUtf8(String) | public static
getBytesIso8859_1(String) | public static
getBytesUnchecked(String, String) | public static
getBytesUsAscii(String) | public static
getBytesUtf16(String) | public static
getBytesUtf16Be(String) | public static
getBytesUtf16Le(String) | public static
getBytesUtf8(String) | public static
newIllegalStateException(String, UnsupportedEncodingException) | private static
newString(byte[], Charset) | private static
newString(byte[], String) | public static
newStringIso8859_1(byte[]) | public static
newStringUsAscii(byte[]) | public static
newStringUtf16(byte[]) | public static
newStringUtf16Le(byte[]) | public static
newStringUtf8(byte[]) | public static",public static
org.apache.commons.codec.binary.StringUtils.newStringUtf16Le(byte[]),java.lang.String newStringUtf16Le(byte[]),"{
    byte[] bytes;
    unknown $stack1, $stack2;


    bytes := @parameter0: byte[];
    $stack1 = <org.apache.commons.codec.Charsets: java.nio.charset.Charset UTF_16LE>;
    $stack2 = staticinvoke <org.apache.commons.codec.binary.StringUtils: java.lang.String newString(byte[],java.nio.charset.Charset)>(bytes, $stack1);

    return $stack2;
}
","/**
 * Constructs a new <code>String</code> by decoding the specified array of bytes using the UTF-16LE charset.
 *
 * @param bytes
 *            The bytes to be decoded into characters
 * @return A new <code>String</code> decoded from the specified array of bytes using the UTF-16LE charset,
 *         or <code>null</code> if the input byte array was <code>null</code>.
 * @throws NullPointerException
 *             Thrown if {@link Charsets#UTF_16LE} is not initialized, which should never happen since it is
 *             required by the Java platform specification.
 * @since As of 1.7, throws {@link NullPointerException} instead of UnsupportedEncodingException
 */
public static String newStringUtf16Le(final byte[] bytes) {
    return newString(bytes, Charsets.UTF_16LE);
}",unavailable,"equals(CharSequence, CharSequence) | public static
getBytes(String, Charset) | private static
getByteBuffer(String, Charset) | private static
getByteBufferUtf8(String) | public static
getBytesIso8859_1(String) | public static
getBytesUnchecked(String, String) | public static
getBytesUsAscii(String) | public static
getBytesUtf16(String) | public static
getBytesUtf16Be(String) | public static
getBytesUtf16Le(String) | public static
getBytesUtf8(String) | public static
newIllegalStateException(String, UnsupportedEncodingException) | private static
newString(byte[], Charset) | private static
newString(byte[], String) | public static
newStringIso8859_1(byte[]) | public static
newStringUsAscii(byte[]) | public static
newStringUtf16(byte[]) | public static
newStringUtf16Be(byte[]) | public static
newStringUtf8(byte[]) | public static",public static
org.apache.commons.codec.binary.StringUtils.newStringUtf8(byte[]),java.lang.String newStringUtf8(byte[]),"{
    byte[] bytes;
    unknown $stack1, $stack2;


    bytes := @parameter0: byte[];
    $stack1 = <org.apache.commons.codec.Charsets: java.nio.charset.Charset UTF_8>;
    $stack2 = staticinvoke <org.apache.commons.codec.binary.StringUtils: java.lang.String newString(byte[],java.nio.charset.Charset)>(bytes, $stack1);

    return $stack2;
}
","/**
 * Constructs a new <code>String</code> by decoding the specified array of bytes using the UTF-8 charset.
 *
 * @param bytes
 *            The bytes to be decoded into characters
 * @return A new <code>String</code> decoded from the specified array of bytes using the UTF-8 charset,
 *         or <code>null</code> if the input byte array was <code>null</code>.
 * @throws NullPointerException
 *             Thrown if {@link Charsets#UTF_8} is not initialized, which should never happen since it is
 *             required by the Java platform specification.
 * @since As of 1.7, throws {@link NullPointerException} instead of UnsupportedEncodingException
 */
public static String newStringUtf8(final byte[] bytes) {
    return newString(bytes, Charsets.UTF_8);
}",unavailable,"equals(CharSequence, CharSequence) | public static
getBytes(String, Charset) | private static
getByteBuffer(String, Charset) | private static
getByteBufferUtf8(String) | public static
getBytesIso8859_1(String) | public static
getBytesUnchecked(String, String) | public static
getBytesUsAscii(String) | public static
getBytesUtf16(String) | public static
getBytesUtf16Be(String) | public static
getBytesUtf16Le(String) | public static
getBytesUtf8(String) | public static
newIllegalStateException(String, UnsupportedEncodingException) | private static
newString(byte[], Charset) | private static
newString(byte[], String) | public static
newStringIso8859_1(byte[]) | public static
newStringUsAscii(byte[]) | public static
newStringUtf16(byte[]) | public static
newStringUtf16Be(byte[]) | public static
newStringUtf16Le(byte[]) | public static",public static
org.apache.commons.collections4.map.MultiValueMap.<init>(),void <init>(),"{
    org.apache.commons.collections4.map.MultiValueMap this;
    unknown $stack1, $stack2;


    this := @this: org.apache.commons.collections4.map.MultiValueMap;
    $stack1 = new java.util.HashMap;
    specialinvoke $stack1.<java.util.HashMap: void <init>()>();
    $stack2 = new org.apache.commons.collections4.map.MultiValueMap$ReflectionFactory;
    specialinvoke $stack2.<org.apache.commons.collections4.map.MultiValueMap$ReflectionFactory: void <init>(java.lang.Class)>(class ""Ljava/util/ArrayList;"");
    specialinvoke this.<org.apache.commons.collections4.map.MultiValueMap: void <init>(java.util.Map,org.apache.commons.collections4.Factory)>($stack1, $stack2);

    return;
}
","//-----------------------------------------------------------------------
/**
 * Creates a MultiValueMap based on a <code>HashMap</code> and
 * storing the multiple values in an <code>ArrayList</code>.
 */
@SuppressWarnings({ ""unchecked"", ""rawtypes"" })
public MultiValueMap() {
    this(new HashMap<K, V>(), new ReflectionFactory(ArrayList.class));
}","/**
 * Serialization version
 */
private static final long serialVersionUID = -2214159910087182007L;

/**
 * The factory for creating value collections.
 */
private final Factory<? extends Collection<V>> collectionFactory;

/**
 * The cached values.
 */
private transient Collection<V> valuesView;","<init>(Map, Factory)
multiValueMap(Map) | public static
multiValueMap(Map, Class) | public static
multiValueMap(Map, Factory) | public static
writeObject(ObjectOutputStream) | private | throws IOException
readObject(ObjectInputStream) | private | throws IOException, ClassNotFoundException
clear() | public
removeMapping(Object, Object) | public
containsValue(Object) | public
put(K, Object) | public
putAll(Map) | public
entrySet() | public
values() | public
containsValue(Object, Object) | public
getCollection(Object) | public
size(Object) | public
putAll(K, Collection) | public
iterator(Object) | public
iterator() | public
totalSize() | public
createCollection(int) | protected",public
"org.apache.commons.collections4.map.MultiValueMap.<init>(java.util.Map,org.apache.commons.collections4.Factory)","void <init>(java.util.Map,org.apache.commons.collections4.Factory)","{
    java.util.Map map;
    org.apache.commons.collections4.Factory collectionFactory;
    org.apache.commons.collections4.map.MultiValueMap this;
    unknown $stack3;


    this := @this: org.apache.commons.collections4.map.MultiValueMap;
    map := @parameter0: java.util.Map;
    collectionFactory := @parameter1: org.apache.commons.collections4.Factory;
    specialinvoke this.<org.apache.commons.collections4.map.AbstractMapDecorator: void <init>(java.util.Map)>(map);

    if collectionFactory != null goto label1;
    $stack3 = new java.lang.IllegalArgumentException;
    specialinvoke $stack3.<java.lang.IllegalArgumentException: void <init>(java.lang.String)>(""The factory must not be null"");

    throw $stack3;

  label1:
    this.<org.apache.commons.collections4.map.MultiValueMap: org.apache.commons.collections4.Factory collectionFactory> = collectionFactory;

    return;
}
","/**
 * Creates a MultiValueMap which decorates the given <code>map</code> and
 * creates the value collections using the supplied <code>collectionFactory</code>.
 *
 * @param <C>  the collection class type
 * @param map  the map to decorate
 * @param collectionFactory  the collection factory which must return a Collection instance
 */
@SuppressWarnings(""unchecked"")
protected <C extends Collection<V>> MultiValueMap(final Map<K, ? super C> map, final Factory<C> collectionFactory) {
    super((Map<K, Object>) map);
    if (collectionFactory == null) {
        throw new IllegalArgumentException(""The factory must not be null"");
    }
    this.collectionFactory = collectionFactory;
}","/**
 * Serialization version
 */
private static final long serialVersionUID = -2214159910087182007L;

/**
 * The factory for creating value collections.
 */
private final Factory<? extends Collection<V>> collectionFactory;

/**
 * The cached values.
 */
private transient Collection<V> valuesView;","<init>()
multiValueMap(Map) | public static
multiValueMap(Map, Class) | public static
multiValueMap(Map, Factory) | public static
writeObject(ObjectOutputStream) | private | throws IOException
readObject(ObjectInputStream) | private | throws IOException, ClassNotFoundException
clear() | public
removeMapping(Object, Object) | public
containsValue(Object) | public
put(K, Object) | public
putAll(Map) | public
entrySet() | public
values() | public
containsValue(Object, Object) | public
getCollection(Object) | public
size(Object) | public
putAll(K, Collection) | public
iterator(Object) | public
iterator() | public
totalSize() | public
createCollection(int) | protected",protected
org.apache.commons.collections4.map.MultiValueMap.clear(),void clear(),"{
    org.apache.commons.collections4.map.MultiValueMap this;
    unknown $stack1;


    this := @this: org.apache.commons.collections4.map.MultiValueMap;
    $stack1 = virtualinvoke this.<org.apache.commons.collections4.map.MultiValueMap: java.util.Map decorated()>();
    interfaceinvoke $stack1.<java.util.Map: void clear()>();

    return;
}
","//-----------------------------------------------------------------------
/**
 * Clear the map.
 */
@Override
public void clear() {
    // If you believe that you have GC issues here, try uncommenting this code
    //        Set pairs = getMap().entrySet();
    //        Iterator pairsIterator = pairs.iterator();
    //        while (pairsIterator.hasNext()) {
    //            Map.Entry keyValuePair = (Map.Entry) pairsIterator.next();
    //            Collection coll = (Collection) keyValuePair.getValue();
    //            coll.clear();
    //        }
    decorated().clear();
}","/**
 * Serialization version
 */
private static final long serialVersionUID = -2214159910087182007L;

/**
 * The factory for creating value collections.
 */
private final Factory<? extends Collection<V>> collectionFactory;

/**
 * The cached values.
 */
private transient Collection<V> valuesView;","<init>()
<init>(Map, Factory)
multiValueMap(Map) | public static
multiValueMap(Map, Class) | public static
multiValueMap(Map, Factory) | public static
writeObject(ObjectOutputStream) | private | throws IOException
readObject(ObjectInputStream) | private | throws IOException, ClassNotFoundException
removeMapping(Object, Object) | public
containsValue(Object) | public
put(K, Object) | public
putAll(Map) | public
entrySet() | public
values() | public
containsValue(Object, Object) | public
getCollection(Object) | public
size(Object) | public
putAll(K, Collection) | public
iterator(Object) | public
iterator() | public
totalSize() | public
createCollection(int) | protected",public
org.apache.commons.collections4.map.MultiValueMap.containsValue(java.lang.Object),boolean containsValue(java.lang.Object),"{
    java.lang.Object value;
    org.apache.commons.collections4.map.MultiValueMap this;
    unknown $stack10, $stack5, $stack6, $stack7, $stack8, $stack9, entry, l3, pairs;


    this := @this: org.apache.commons.collections4.map.MultiValueMap;
    value := @parameter0: java.lang.Object;
    $stack5 = virtualinvoke this.<org.apache.commons.collections4.map.MultiValueMap: java.util.Map decorated()>();
    pairs = interfaceinvoke $stack5.<java.util.Map: java.util.Set entrySet()>();

    if pairs == null goto label3;
    l3 = interfaceinvoke pairs.<java.util.Set: java.util.Iterator iterator()>();

  label1:
    $stack6 = interfaceinvoke l3.<java.util.Iterator: boolean hasNext()>();

    if $stack6 == 0 goto label3;
    $stack7 = interfaceinvoke l3.<java.util.Iterator: java.lang.Object next()>();
    entry = (java.util.Map$Entry) $stack7;
    $stack8 = interfaceinvoke entry.<java.util.Map$Entry: java.lang.Object getValue()>();
    $stack9 = (java.util.Collection) $stack8;
    $stack10 = interfaceinvoke $stack9.<java.util.Collection: boolean contains(java.lang.Object)>(value);

    if $stack10 == 0 goto label2;

    return 1;

  label2:
    goto label1;

  label3:
    return 0;
}
","/**
 * Checks whether the map contains the value specified.
 * <p>
 * This checks all collections against all keys for the value, and thus could be slow.
 *
 * @param value  the value to search for
 * @return true if the map contains the value
 */
@Override
@SuppressWarnings(""unchecked"")
public boolean containsValue(final Object value) {
    final Set<Map.Entry<K, Object>> pairs = decorated().entrySet();
    if (pairs != null) {
        for (final Map.Entry<K, Object> entry : pairs) {
            if (((Collection<V>) entry.getValue()).contains(value)) {
                return true;
            }
        }
    }
    return false;
}","/**
 * Serialization version
 */
private static final long serialVersionUID = -2214159910087182007L;

/**
 * The factory for creating value collections.
 */
private final Factory<? extends Collection<V>> collectionFactory;

/**
 * The cached values.
 */
private transient Collection<V> valuesView;","<init>()
<init>(Map, Factory)
multiValueMap(Map) | public static
multiValueMap(Map, Class) | public static
multiValueMap(Map, Factory) | public static
writeObject(ObjectOutputStream) | private | throws IOException
readObject(ObjectInputStream) | private | throws IOException, ClassNotFoundException
clear() | public
removeMapping(Object, Object) | public
put(K, Object) | public
putAll(Map) | public
entrySet() | public
values() | public
containsValue(Object, Object) | public
getCollection(Object) | public
size(Object) | public
putAll(K, Collection) | public
iterator(Object) | public
iterator() | public
totalSize() | public
createCollection(int) | protected",public
"org.apache.commons.collections4.map.MultiValueMap.containsValue(java.lang.Object,java.lang.Object)","boolean containsValue(java.lang.Object,java.lang.Object)","{
    java.lang.Object key, value;
    org.apache.commons.collections4.map.MultiValueMap this;
    unknown $stack4, coll;


    this := @this: org.apache.commons.collections4.map.MultiValueMap;
    key := @parameter0: java.lang.Object;
    value := @parameter1: java.lang.Object;
    coll = virtualinvoke this.<org.apache.commons.collections4.map.MultiValueMap: java.util.Collection getCollection(java.lang.Object)>(key);

    if coll != null goto label1;

    return 0;

  label1:
    $stack4 = interfaceinvoke coll.<java.util.Collection: boolean contains(java.lang.Object)>(value);

    return $stack4;
}
","/**
 * Checks whether the collection at the specified key contains the value.
 *
 * @param key  the key to search for
 * @param value  the value to search for
 * @return true if the map contains the value
 */
public boolean containsValue(final Object key, final Object value) {
    final Collection<V> coll = getCollection(key);
    if (coll == null) {
        return false;
    }
    return coll.contains(value);
}","/**
 * Serialization version
 */
private static final long serialVersionUID = -2214159910087182007L;

/**
 * The factory for creating value collections.
 */
private final Factory<? extends Collection<V>> collectionFactory;

/**
 * The cached values.
 */
private transient Collection<V> valuesView;","<init>()
<init>(Map, Factory)
multiValueMap(Map) | public static
multiValueMap(Map, Class) | public static
multiValueMap(Map, Factory) | public static
writeObject(ObjectOutputStream) | private | throws IOException
readObject(ObjectInputStream) | private | throws IOException, ClassNotFoundException
clear() | public
removeMapping(Object, Object) | public
containsValue(Object) | public
put(K, Object) | public
putAll(Map) | public
entrySet() | public
values() | public
getCollection(Object) | public
size(Object) | public
putAll(K, Collection) | public
iterator(Object) | public
iterator() | public
totalSize() | public
createCollection(int) | protected",public
org.apache.commons.collections4.map.MultiValueMap.createCollection(int),java.util.Collection createCollection(int),"{
    int size;
    org.apache.commons.collections4.map.MultiValueMap this;
    unknown $stack2, $stack3, $stack4;


    this := @this: org.apache.commons.collections4.map.MultiValueMap;
    size := @parameter0: int;
    $stack2 = this.<org.apache.commons.collections4.map.MultiValueMap: org.apache.commons.collections4.Factory collectionFactory>;
    $stack3 = interfaceinvoke $stack2.<org.apache.commons.collections4.Factory: java.lang.Object create()>();
    $stack4 = (java.util.Collection) $stack3;

    return $stack4;
}
","/**
 * Creates a new instance of the map value Collection container
 * using the factory.
 * <p>
 * This method can be overridden to perform your own processing
 * instead of using the factory.
 *
 * @param size  the collection size that is about to be added
 * @return the new collection
 */
protected Collection<V> createCollection(final int size) {
    return collectionFactory.create();
}","/**
 * Serialization version
 */
private static final long serialVersionUID = -2214159910087182007L;

/**
 * The factory for creating value collections.
 */
private final Factory<? extends Collection<V>> collectionFactory;

/**
 * The cached values.
 */
private transient Collection<V> valuesView;","<init>()
<init>(Map, Factory)
multiValueMap(Map) | public static
multiValueMap(Map, Class) | public static
multiValueMap(Map, Factory) | public static
writeObject(ObjectOutputStream) | private | throws IOException
readObject(ObjectInputStream) | private | throws IOException, ClassNotFoundException
clear() | public
removeMapping(Object, Object) | public
containsValue(Object) | public
put(K, Object) | public
putAll(Map) | public
entrySet() | public
values() | public
containsValue(Object, Object) | public
getCollection(Object) | public
size(Object) | public
putAll(K, Collection) | public
iterator(Object) | public
iterator() | public
totalSize() | public",protected
org.apache.commons.collections4.map.MultiValueMap.entrySet(),java.util.Set entrySet(),"{
    org.apache.commons.collections4.map.MultiValueMap this;
    unknown $stack1;


    this := @this: org.apache.commons.collections4.map.MultiValueMap;
    $stack1 = specialinvoke this.<org.apache.commons.collections4.map.AbstractMapDecorator: java.util.Set entrySet()>();

    return $stack1;
}
","/**
 * {@inheritDoc}
 * <p>
 * NOTE: the returned Entry objects will contain as value a {@link Collection}
 * of all values that are mapped to the given key. To get a ""flattened"" version
 * of all mappings contained in this map, use {@link #iterator()}.
 *
 * @see #iterator()
 */
@Override
public Set<Entry<K, Object>> entrySet() {
    return super.entrySet();
}","/**
 * Serialization version
 */
private static final long serialVersionUID = -2214159910087182007L;

/**
 * The factory for creating value collections.
 */
private final Factory<? extends Collection<V>> collectionFactory;

/**
 * The cached values.
 */
private transient Collection<V> valuesView;","<init>()
<init>(Map, Factory)
multiValueMap(Map) | public static
multiValueMap(Map, Class) | public static
multiValueMap(Map, Factory) | public static
writeObject(ObjectOutputStream) | private | throws IOException
readObject(ObjectInputStream) | private | throws IOException, ClassNotFoundException
clear() | public
removeMapping(Object, Object) | public
containsValue(Object) | public
put(K, Object) | public
putAll(Map) | public
values() | public
containsValue(Object, Object) | public
getCollection(Object) | public
size(Object) | public
putAll(K, Collection) | public
iterator(Object) | public
iterator() | public
totalSize() | public
createCollection(int) | protected",public
org.apache.commons.collections4.map.MultiValueMap.getCollection(java.lang.Object),java.util.Collection getCollection(java.lang.Object),"{
    java.lang.Object key;
    org.apache.commons.collections4.map.MultiValueMap this;
    unknown $stack2, $stack3, $stack4;


    this := @this: org.apache.commons.collections4.map.MultiValueMap;
    key := @parameter0: java.lang.Object;
    $stack2 = virtualinvoke this.<org.apache.commons.collections4.map.MultiValueMap: java.util.Map decorated()>();
    $stack3 = interfaceinvoke $stack2.<java.util.Map: java.lang.Object get(java.lang.Object)>(key);
    $stack4 = (java.util.Collection) $stack3;

    return $stack4;
}
","/**
 * Gets the collection mapped to the specified key.
 * This method is a convenience method to typecast the result of <code>get(key)</code>.
 *
 * @param key  the key to retrieve
 * @return the collection mapped to the key, null if no mapping
 */
@SuppressWarnings(""unchecked"")
public Collection<V> getCollection(final Object key) {
    return (Collection<V>) decorated().get(key);
}","/**
 * Serialization version
 */
private static final long serialVersionUID = -2214159910087182007L;

/**
 * The factory for creating value collections.
 */
private final Factory<? extends Collection<V>> collectionFactory;

/**
 * The cached values.
 */
private transient Collection<V> valuesView;","<init>()
<init>(Map, Factory)
multiValueMap(Map) | public static
multiValueMap(Map, Class) | public static
multiValueMap(Map, Factory) | public static
writeObject(ObjectOutputStream) | private | throws IOException
readObject(ObjectInputStream) | private | throws IOException, ClassNotFoundException
clear() | public
removeMapping(Object, Object) | public
containsValue(Object) | public
put(K, Object) | public
putAll(Map) | public
entrySet() | public
values() | public
containsValue(Object, Object) | public
size(Object) | public
putAll(K, Collection) | public
iterator(Object) | public
iterator() | public
totalSize() | public
createCollection(int) | protected",public
org.apache.commons.collections4.map.MultiValueMap.iterator(),java.util.Iterator iterator(),"{
    org.apache.commons.collections4.map.MultiValueMap this;
    unknown $stack3, $stack4, $stack5, allKeys, keyIterator;


    this := @this: org.apache.commons.collections4.map.MultiValueMap;
    $stack4 = new java.util.ArrayList;
    $stack3 = virtualinvoke this.<org.apache.commons.collections4.map.MultiValueMap: java.util.Set keySet()>();
    specialinvoke $stack4.<java.util.ArrayList: void <init>(java.util.Collection)>($stack3);
    allKeys = $stack4;
    keyIterator = interfaceinvoke allKeys.<java.util.Collection: java.util.Iterator iterator()>();
    $stack5 = new org.apache.commons.collections4.map.MultiValueMap$1;
    specialinvoke $stack5.<org.apache.commons.collections4.map.MultiValueMap$1: void <init>(org.apache.commons.collections4.map.MultiValueMap,java.util.Iterator)>(this, keyIterator);

    return $stack5;
}
","/**
 * Gets an iterator for all mappings stored in this {@link MultiValueMap}.
 * <p>
 * The iterator will return multiple Entry objects with the same key
 * if there are multiple values mapped to this key.
 * <p>
 * NOTE: calling {@link java.util.Map.Entry#setValue(Object)} on any of the returned
 * elements will result in a {@link UnsupportedOperationException}.
 *
 * @return the iterator of all mappings in this map
 * @since 4.0
 */
public Iterator<Entry<K, V>> iterator() {
    final Collection<K> allKeys = new ArrayList<K>(keySet());
    final Iterator<K> keyIterator = allKeys.iterator();
    return new LazyIteratorChain<Entry<K, V>>() {

        @Override
        protected Iterator<? extends Entry<K, V>> nextIterator(int count) {
            if (!keyIterator.hasNext()) {
                return null;
            }
            final K key = keyIterator.next();
            final Transformer<V, Entry<K, V>> transformer = new Transformer<V, Entry<K, V>>() {

                @Override
                public Entry<K, V> transform(final V input) {
                    return new Entry<K, V>() {

                        @Override
                        public K getKey() {
                            return key;
                        }

                        @Override
                        public V getValue() {
                            return input;
                        }

                        @Override
                        public V setValue(V value) {
                            throw new UnsupportedOperationException();
                        }
                    };
                }
            };
            return new TransformIterator<V, Entry<K, V>>(new ValuesIterator(key), transformer);
        }
    };
}","/**
 * Serialization version
 */
private static final long serialVersionUID = -2214159910087182007L;

/**
 * The factory for creating value collections.
 */
private final Factory<? extends Collection<V>> collectionFactory;

/**
 * The cached values.
 */
private transient Collection<V> valuesView;","<init>()
<init>(Map, Factory)
multiValueMap(Map) | public static
multiValueMap(Map, Class) | public static
multiValueMap(Map, Factory) | public static
writeObject(ObjectOutputStream) | private | throws IOException
readObject(ObjectInputStream) | private | throws IOException, ClassNotFoundException
clear() | public
removeMapping(Object, Object) | public
containsValue(Object) | public
put(K, Object) | public
putAll(Map) | public
entrySet() | public
values() | public
containsValue(Object, Object) | public
getCollection(Object) | public
size(Object) | public
putAll(K, Collection) | public
iterator(Object) | public
totalSize() | public
createCollection(int) | protected",public
org.apache.commons.collections4.map.MultiValueMap.iterator(java.lang.Object),java.util.Iterator iterator(java.lang.Object),"{
    java.lang.Object key;
    org.apache.commons.collections4.map.MultiValueMap this;
    unknown $stack2, $stack3, $stack4;


    this := @this: org.apache.commons.collections4.map.MultiValueMap;
    key := @parameter0: java.lang.Object;
    $stack2 = virtualinvoke this.<org.apache.commons.collections4.map.MultiValueMap: boolean containsKey(java.lang.Object)>(key);

    if $stack2 != 0 goto label1;
    $stack4 = staticinvoke <org.apache.commons.collections4.iterators.EmptyIterator: java.util.Iterator emptyIterator()>();

    return $stack4;

  label1:
    $stack3 = new org.apache.commons.collections4.map.MultiValueMap$ValuesIterator;
    specialinvoke $stack3.<org.apache.commons.collections4.map.MultiValueMap$ValuesIterator: void <init>(org.apache.commons.collections4.map.MultiValueMap,java.lang.Object)>(this, key);

    return $stack3;
}
","/**
 * Gets an iterator for the collection mapped to the specified key.
 *
 * @param key  the key to get an iterator for
 * @return the iterator of the collection at the key, empty iterator if key not in map
 */
public Iterator<V> iterator(final Object key) {
    if (!containsKey(key)) {
        return EmptyIterator.<V>emptyIterator();
    }
    return new ValuesIterator(key);
}","/**
 * Serialization version
 */
private static final long serialVersionUID = -2214159910087182007L;

/**
 * The factory for creating value collections.
 */
private final Factory<? extends Collection<V>> collectionFactory;

/**
 * The cached values.
 */
private transient Collection<V> valuesView;","<init>()
<init>(Map, Factory)
multiValueMap(Map) | public static
multiValueMap(Map, Class) | public static
multiValueMap(Map, Factory) | public static
writeObject(ObjectOutputStream) | private | throws IOException
readObject(ObjectInputStream) | private | throws IOException, ClassNotFoundException
clear() | public
removeMapping(Object, Object) | public
containsValue(Object) | public
put(K, Object) | public
putAll(Map) | public
entrySet() | public
values() | public
containsValue(Object, Object) | public
getCollection(Object) | public
size(Object) | public
putAll(K, Collection) | public
iterator() | public
totalSize() | public
createCollection(int) | protected",public
org.apache.commons.collections4.map.MultiValueMap.multiValueMap(java.util.Map),org.apache.commons.collections4.map.MultiValueMap multiValueMap(java.util.Map),"{
    java.util.Map map;
    unknown $stack1;


    map := @parameter0: java.util.Map;
    $stack1 = staticinvoke <org.apache.commons.collections4.map.MultiValueMap: org.apache.commons.collections4.map.MultiValueMap multiValueMap(java.util.Map,java.lang.Class)>(map, class ""Ljava/util/ArrayList;"");

    return $stack1;
}
","/**
 * Creates a map which wraps the given map and
 * maps keys to ArrayLists.
 *
 * @param <K>  the key type
 * @param <V>  the value type
 * @param map  the map to wrap
 * @return a new multi-value map
 * @since 4.0
 */
@SuppressWarnings({ ""unchecked"", ""rawtypes"" })
public static <K, V> MultiValueMap<K, V> multiValueMap(final Map<K, ? super Collection<V>> map) {
    return MultiValueMap.<K, V, ArrayList>multiValueMap((Map<K, ? super Collection>) map, ArrayList.class);
}","/**
 * Serialization version
 */
private static final long serialVersionUID = -2214159910087182007L;

/**
 * The factory for creating value collections.
 */
private final Factory<? extends Collection<V>> collectionFactory;

/**
 * The cached values.
 */
private transient Collection<V> valuesView;","<init>()
<init>(Map, Factory)
multiValueMap(Map, Class) | public static
multiValueMap(Map, Factory) | public static
writeObject(ObjectOutputStream) | private | throws IOException
readObject(ObjectInputStream) | private | throws IOException, ClassNotFoundException
clear() | public
removeMapping(Object, Object) | public
containsValue(Object) | public
put(K, Object) | public
putAll(Map) | public
entrySet() | public
values() | public
containsValue(Object, Object) | public
getCollection(Object) | public
size(Object) | public
putAll(K, Collection) | public
iterator(Object) | public
iterator() | public
totalSize() | public
createCollection(int) | protected",public static
"org.apache.commons.collections4.map.MultiValueMap.multiValueMap(java.util.Map,java.lang.Class)","org.apache.commons.collections4.map.MultiValueMap multiValueMap(java.util.Map,java.lang.Class)","{
    java.lang.Class collectionClass;
    java.util.Map map;
    unknown $stack2, $stack3;


    map := @parameter0: java.util.Map;
    collectionClass := @parameter1: java.lang.Class;
    $stack3 = new org.apache.commons.collections4.map.MultiValueMap;
    $stack2 = new org.apache.commons.collections4.map.MultiValueMap$ReflectionFactory;
    specialinvoke $stack2.<org.apache.commons.collections4.map.MultiValueMap$ReflectionFactory: void <init>(java.lang.Class)>(collectionClass);
    specialinvoke $stack3.<org.apache.commons.collections4.map.MultiValueMap: void <init>(java.util.Map,org.apache.commons.collections4.Factory)>(map, $stack2);

    return $stack3;
}
","/**
 * Creates a map which decorates the given <code>map</code> and
 * maps keys to collections of type <code>collectionClass</code>.
 *
 * @param <K>  the key type
 * @param <V>  the value type
 * @param <C>  the collection class type
 * @param map  the map to wrap
 * @param collectionClass  the type of the collection class
 * @return a new multi-value map
 * @since 4.0
 */
public static <K, V, C extends Collection<V>> MultiValueMap<K, V> multiValueMap(final Map<K, ? super C> map, final Class<C> collectionClass) {
    return new MultiValueMap<K, V>(map, new ReflectionFactory<C>(collectionClass));
}","/**
 * Serialization version
 */
private static final long serialVersionUID = -2214159910087182007L;

/**
 * The factory for creating value collections.
 */
private final Factory<? extends Collection<V>> collectionFactory;

/**
 * The cached values.
 */
private transient Collection<V> valuesView;","<init>()
<init>(Map, Factory)
multiValueMap(Map) | public static
multiValueMap(Map, Factory) | public static
writeObject(ObjectOutputStream) | private | throws IOException
readObject(ObjectInputStream) | private | throws IOException, ClassNotFoundException
clear() | public
removeMapping(Object, Object) | public
containsValue(Object) | public
put(K, Object) | public
putAll(Map) | public
entrySet() | public
values() | public
containsValue(Object, Object) | public
getCollection(Object) | public
size(Object) | public
putAll(K, Collection) | public
iterator(Object) | public
iterator() | public
totalSize() | public
createCollection(int) | protected",public static
"org.apache.commons.collections4.map.MultiValueMap.multiValueMap(java.util.Map,org.apache.commons.collections4.Factory)","org.apache.commons.collections4.map.MultiValueMap multiValueMap(java.util.Map,org.apache.commons.collections4.Factory)","{
    java.util.Map map;
    org.apache.commons.collections4.Factory collectionFactory;
    unknown $stack2;


    map := @parameter0: java.util.Map;
    collectionFactory := @parameter1: org.apache.commons.collections4.Factory;
    $stack2 = new org.apache.commons.collections4.map.MultiValueMap;
    specialinvoke $stack2.<org.apache.commons.collections4.map.MultiValueMap: void <init>(java.util.Map,org.apache.commons.collections4.Factory)>(map, collectionFactory);

    return $stack2;
}
","/**
 * Creates a map which decorates the given <code>map</code> and
 * creates the value collections using the supplied <code>collectionFactory</code>.
 *
 * @param <K>  the key type
 * @param <V>  the value type
 * @param <C>  the collection class type
 * @param map  the map to decorate
 * @param collectionFactory  the collection factory (must return a Collection object).
 * @return a new multi-value map
 * @since 4.0
 */
public static <K, V, C extends Collection<V>> MultiValueMap<K, V> multiValueMap(final Map<K, ? super C> map, final Factory<C> collectionFactory) {
    return new MultiValueMap<K, V>(map, collectionFactory);
}","/**
 * Serialization version
 */
private static final long serialVersionUID = -2214159910087182007L;

/**
 * The factory for creating value collections.
 */
private final Factory<? extends Collection<V>> collectionFactory;

/**
 * The cached values.
 */
private transient Collection<V> valuesView;","<init>()
<init>(Map, Factory)
multiValueMap(Map) | public static
multiValueMap(Map, Class) | public static
writeObject(ObjectOutputStream) | private | throws IOException
readObject(ObjectInputStream) | private | throws IOException, ClassNotFoundException
clear() | public
removeMapping(Object, Object) | public
containsValue(Object) | public
put(K, Object) | public
putAll(Map) | public
entrySet() | public
values() | public
containsValue(Object, Object) | public
getCollection(Object) | public
size(Object) | public
putAll(K, Collection) | public
iterator(Object) | public
iterator() | public
totalSize() | public
createCollection(int) | protected",public static
"org.apache.commons.collections4.map.MultiValueMap.put(java.lang.Object,java.lang.Object)","java.lang.Object put(java.lang.Object,java.lang.Object)","{
    java.lang.Object key, value;
    org.apache.commons.collections4.map.MultiValueMap this;
    unknown $stack5, $stack6, $stack7, coll, result;


    this := @this: org.apache.commons.collections4.map.MultiValueMap;
    key := @parameter0: java.lang.Object;
    value := @parameter1: java.lang.Object;
    result = 0;
    coll = virtualinvoke this.<org.apache.commons.collections4.map.MultiValueMap: java.util.Collection getCollection(java.lang.Object)>(key);

    if coll != null goto label1;
    coll = virtualinvoke this.<org.apache.commons.collections4.map.MultiValueMap: java.util.Collection createCollection(int)>(1);
    interfaceinvoke coll.<java.util.Collection: boolean add(java.lang.Object)>(value);
    $stack6 = interfaceinvoke coll.<java.util.Collection: int size()>();

    if $stack6 <= 0 goto label2;
    $stack7 = virtualinvoke this.<org.apache.commons.collections4.map.MultiValueMap: java.util.Map decorated()>();
    interfaceinvoke $stack7.<java.util.Map: java.lang.Object put(java.lang.Object,java.lang.Object)>(key, coll);
    result = 1;

    goto label2;

  label1:
    result = interfaceinvoke coll.<java.util.Collection: boolean add(java.lang.Object)>(value);

  label2:
    if result == 0 goto label3;
    $stack5 = value;

    goto label4;

  label3:
    $stack5 = null;

  label4:
    return $stack5;
}
","/**
 * Adds the value to the collection associated with the specified key.
 * <p>
 * Unlike a normal <code>Map</code> the previous value is not replaced.
 * Instead the new value is added to the collection stored against the key.
 *
 * @param key  the key to store against
 * @param value  the value to add to the collection at the key
 * @return the value added if the map changed and null if the map did not change
 */
@Override
@SuppressWarnings(""unchecked"")
public Object put(final K key, final Object value) {
    boolean result = false;
    Collection<V> coll = getCollection(key);
    if (coll == null) {
        // might produce a non-empty collection
        coll = createCollection(1);
        coll.add((V) value);
        if (coll.size() > 0) {
            // only add if non-zero size to maintain class state
            decorated().put(key, coll);
            // map definitely changed
            result = true;
        }
    } else {
        result = coll.add((V) value);
    }
    return result ? value : null;
}","/**
 * Serialization version
 */
private static final long serialVersionUID = -2214159910087182007L;

/**
 * The factory for creating value collections.
 */
private final Factory<? extends Collection<V>> collectionFactory;

/**
 * The cached values.
 */
private transient Collection<V> valuesView;","<init>()
<init>(Map, Factory)
multiValueMap(Map) | public static
multiValueMap(Map, Class) | public static
multiValueMap(Map, Factory) | public static
writeObject(ObjectOutputStream) | private | throws IOException
readObject(ObjectInputStream) | private | throws IOException, ClassNotFoundException
clear() | public
removeMapping(Object, Object) | public
containsValue(Object) | public
putAll(Map) | public
entrySet() | public
values() | public
containsValue(Object, Object) | public
getCollection(Object) | public
size(Object) | public
putAll(K, Collection) | public
iterator(Object) | public
iterator() | public
totalSize() | public
createCollection(int) | protected",public
"org.apache.commons.collections4.map.MultiValueMap.putAll(java.lang.Object,java.util.Collection)","boolean putAll(java.lang.Object,java.util.Collection)","{
    java.lang.Object key;
    java.util.Collection values;
    org.apache.commons.collections4.map.MultiValueMap this;
    unknown $stack5, $stack6, $stack7, $stack8, coll, result;


    this := @this: org.apache.commons.collections4.map.MultiValueMap;
    key := @parameter0: java.lang.Object;
    values := @parameter1: java.util.Collection;

    if values == null goto label1;
    $stack5 = interfaceinvoke values.<java.util.Collection: int size()>();

    if $stack5 != 0 goto label2;

  label1:
    return 0;

  label2:
    result = 0;
    coll = virtualinvoke this.<org.apache.commons.collections4.map.MultiValueMap: java.util.Collection getCollection(java.lang.Object)>(key);

    if coll != null goto label3;
    $stack6 = interfaceinvoke values.<java.util.Collection: int size()>();
    coll = virtualinvoke this.<org.apache.commons.collections4.map.MultiValueMap: java.util.Collection createCollection(int)>($stack6);
    interfaceinvoke coll.<java.util.Collection: boolean addAll(java.util.Collection)>(values);
    $stack7 = interfaceinvoke coll.<java.util.Collection: int size()>();

    if $stack7 <= 0 goto label4;
    $stack8 = virtualinvoke this.<org.apache.commons.collections4.map.MultiValueMap: java.util.Map decorated()>();
    interfaceinvoke $stack8.<java.util.Map: java.lang.Object put(java.lang.Object,java.lang.Object)>(key, coll);
    result = 1;

    goto label4;

  label3:
    result = interfaceinvoke coll.<java.util.Collection: boolean addAll(java.util.Collection)>(values);

  label4:
    return result;
}
","/**
 * Adds a collection of values to the collection associated with
 * the specified key.
 *
 * @param key  the key to store against
 * @param values  the values to add to the collection at the key, null ignored
 * @return true if this map changed
 */
public boolean putAll(final K key, final Collection<V> values) {
    if (values == null || values.size() == 0) {
        return false;
    }
    boolean result = false;
    Collection<V> coll = getCollection(key);
    if (coll == null) {
        // might produce a non-empty collection
        coll = createCollection(values.size());
        coll.addAll(values);
        if (coll.size() > 0) {
            // only add if non-zero size to maintain class state
            decorated().put(key, coll);
            // map definitely changed
            result = true;
        }
    } else {
        result = coll.addAll(values);
    }
    return result;
}","/**
 * Serialization version
 */
private static final long serialVersionUID = -2214159910087182007L;

/**
 * The factory for creating value collections.
 */
private final Factory<? extends Collection<V>> collectionFactory;

/**
 * The cached values.
 */
private transient Collection<V> valuesView;","<init>()
<init>(Map, Factory)
multiValueMap(Map) | public static
multiValueMap(Map, Class) | public static
multiValueMap(Map, Factory) | public static
writeObject(ObjectOutputStream) | private | throws IOException
readObject(ObjectInputStream) | private | throws IOException, ClassNotFoundException
clear() | public
removeMapping(Object, Object) | public
containsValue(Object) | public
put(K, Object) | public
putAll(Map) | public
entrySet() | public
values() | public
containsValue(Object, Object) | public
getCollection(Object) | public
size(Object) | public
iterator(Object) | public
iterator() | public
totalSize() | public
createCollection(int) | protected",public
org.apache.commons.collections4.map.MultiValueMap.putAll(java.util.Map),void putAll(java.util.Map),"{
    java.util.Map map;
    org.apache.commons.collections4.map.MultiValueMap this;
    unknown $stack10, $stack11, $stack12, $stack13, $stack14, $stack15, $stack16, $stack4, $stack5, $stack6, $stack7, $stack8, $stack9, entry, l2;


    this := @this: org.apache.commons.collections4.map.MultiValueMap;
    map := @parameter0: java.util.Map;
    $stack4 = map instanceof org.apache.commons.collections4.MultiMap;

    if $stack4 == 0 goto label3;
    $stack10 = (org.apache.commons.collections4.MultiMap) map;
    $stack11 = interfaceinvoke $stack10.<org.apache.commons.collections4.MultiMap: java.util.Set entrySet()>();
    l2 = interfaceinvoke $stack11.<java.util.Set: java.util.Iterator iterator()>();

  label1:
    $stack12 = interfaceinvoke l2.<java.util.Iterator: boolean hasNext()>();

    if $stack12 == 0 goto label2;
    $stack13 = interfaceinvoke l2.<java.util.Iterator: java.lang.Object next()>();
    entry = (java.util.Map$Entry) $stack13;
    $stack16 = interfaceinvoke entry.<java.util.Map$Entry: java.lang.Object getKey()>();
    $stack14 = interfaceinvoke entry.<java.util.Map$Entry: java.lang.Object getValue()>();
    $stack15 = (java.util.Collection) $stack14;
    virtualinvoke this.<org.apache.commons.collections4.map.MultiValueMap: boolean putAll(java.lang.Object,java.util.Collection)>($stack16, $stack15);

    goto label1;

  label2:
    goto label5;

  label3:
    $stack5 = interfaceinvoke map.<java.util.Map: java.util.Set entrySet()>();
    l2 = interfaceinvoke $stack5.<java.util.Set: java.util.Iterator iterator()>();

  label4:
    $stack6 = interfaceinvoke l2.<java.util.Iterator: boolean hasNext()>();

    if $stack6 == 0 goto label5;
    $stack7 = interfaceinvoke l2.<java.util.Iterator: java.lang.Object next()>();
    entry = (java.util.Map$Entry) $stack7;
    $stack9 = interfaceinvoke entry.<java.util.Map$Entry: java.lang.Object getKey()>();
    $stack8 = interfaceinvoke entry.<java.util.Map$Entry: java.lang.Object getValue()>();
    virtualinvoke this.<org.apache.commons.collections4.map.MultiValueMap: java.lang.Object put(java.lang.Object,java.lang.Object)>($stack9, $stack8);

    goto label4;

  label5:
    return;
}
","/**
 * Override superclass to ensure that MultiMap instances are
 * correctly handled.
 * <p>
 * If you call this method with a normal map, each entry is
 * added using <code>put(Object,Object)</code>.
 * If you call this method with a multi map, each entry is
 * added using <code>putAll(Object,Collection)</code>.
 *
 * @param map  the map to copy (either a normal or multi map)
 */
@Override
@SuppressWarnings(""unchecked"")
public void putAll(final Map<? extends K, ?> map) {
    if (map instanceof MultiMap) {
        for (final Map.Entry<? extends K, Object> entry : ((MultiMap<? extends K, V>) map).entrySet()) {
            putAll(entry.getKey(), (Collection<V>) entry.getValue());
        }
    } else {
        for (final Map.Entry<? extends K, ?> entry : map.entrySet()) {
            put(entry.getKey(), entry.getValue());
        }
    }
}","/**
 * Serialization version
 */
private static final long serialVersionUID = -2214159910087182007L;

/**
 * The factory for creating value collections.
 */
private final Factory<? extends Collection<V>> collectionFactory;

/**
 * The cached values.
 */
private transient Collection<V> valuesView;","<init>()
<init>(Map, Factory)
multiValueMap(Map) | public static
multiValueMap(Map, Class) | public static
multiValueMap(Map, Factory) | public static
writeObject(ObjectOutputStream) | private | throws IOException
readObject(ObjectInputStream) | private | throws IOException, ClassNotFoundException
clear() | public
removeMapping(Object, Object) | public
containsValue(Object) | public
put(K, Object) | public
entrySet() | public
values() | public
containsValue(Object, Object) | public
getCollection(Object) | public
size(Object) | public
putAll(K, Collection) | public
iterator(Object) | public
iterator() | public
totalSize() | public
createCollection(int) | protected",public
org.apache.commons.collections4.map.MultiValueMap.readObject(java.io.ObjectInputStream),void readObject(java.io.ObjectInputStream),"{
    java.io.ObjectInputStream in;
    org.apache.commons.collections4.map.MultiValueMap this;
    unknown $stack2, $stack3;


    this := @this: org.apache.commons.collections4.map.MultiValueMap;
    in := @parameter0: java.io.ObjectInputStream;
    virtualinvoke in.<java.io.ObjectInputStream: void defaultReadObject()>();
    $stack2 = virtualinvoke in.<java.io.ObjectInputStream: java.lang.Object readObject()>();
    $stack3 = (java.util.Map) $stack2;
    this.<org.apache.commons.collections4.map.MultiValueMap: java.util.Map map> = $stack3;

    return;
}
","/**
 * Read the map in using a custom routine.
 *
 * @param in  the input stream
 * @throws IOException
 * @throws ClassNotFoundException
 * @since 4.0
 */
// (1) should only fail if input stream is incorrect
@SuppressWarnings(""unchecked"")
private void readObject(final ObjectInputStream in) throws IOException, ClassNotFoundException {
    in.defaultReadObject();
    // (1)
    map = (Map<K, Object>) in.readObject();
}","/**
 * Serialization version
 */
private static final long serialVersionUID = -2214159910087182007L;

/**
 * The factory for creating value collections.
 */
private final Factory<? extends Collection<V>> collectionFactory;

/**
 * The cached values.
 */
private transient Collection<V> valuesView;","<init>()
<init>(Map, Factory)
multiValueMap(Map) | public static
multiValueMap(Map, Class) | public static
multiValueMap(Map, Factory) | public static
writeObject(ObjectOutputStream) | private | throws IOException
clear() | public
removeMapping(Object, Object) | public
containsValue(Object) | public
put(K, Object) | public
putAll(Map) | public
entrySet() | public
values() | public
containsValue(Object, Object) | public
getCollection(Object) | public
size(Object) | public
putAll(K, Collection) | public
iterator(Object) | public
iterator() | public
totalSize() | public
createCollection(int) | protected","private | throws IOException, ClassNotFoundException"
"org.apache.commons.collections4.map.MultiValueMap.removeMapping(java.lang.Object,java.lang.Object)","boolean removeMapping(java.lang.Object,java.lang.Object)","{
    java.lang.Object key, value;
    org.apache.commons.collections4.map.MultiValueMap this;
    unknown $stack5, removed, valuesForKey;


    this := @this: org.apache.commons.collections4.map.MultiValueMap;
    key := @parameter0: java.lang.Object;
    value := @parameter1: java.lang.Object;
    valuesForKey = virtualinvoke this.<org.apache.commons.collections4.map.MultiValueMap: java.util.Collection getCollection(java.lang.Object)>(key);

    if valuesForKey != null goto label1;

    return 0;

  label1:
    removed = interfaceinvoke valuesForKey.<java.util.Collection: boolean remove(java.lang.Object)>(value);

    if removed != 0 goto label2;

    return 0;

  label2:
    $stack5 = interfaceinvoke valuesForKey.<java.util.Collection: boolean isEmpty()>();

    if $stack5 == 0 goto label3;
    virtualinvoke this.<org.apache.commons.collections4.map.MultiValueMap: java.lang.Object remove(java.lang.Object)>(key);

  label3:
    return 1;
}
","/**
 * Removes a specific value from map.
 * <p>
 * The item is removed from the collection mapped to the specified key.
 * Other values attached to that key are unaffected.
 * <p>
 * If the last value for a key is removed, <code>null</code> will be returned
 * from a subsequent <code>get(key)</code>.
 *
 * @param key  the key to remove from
 * @param value the value to remove
 * @return {@code true} if the mapping was removed, {@code false} otherwise
 */
@Override
public boolean removeMapping(final Object key, final Object value) {
    final Collection<V> valuesForKey = getCollection(key);
    if (valuesForKey == null) {
        return false;
    }
    final boolean removed = valuesForKey.remove(value);
    if (removed == false) {
        return false;
    }
    if (valuesForKey.isEmpty()) {
        remove(key);
    }
    return true;
}","/**
 * Serialization version
 */
private static final long serialVersionUID = -2214159910087182007L;

/**
 * The factory for creating value collections.
 */
private final Factory<? extends Collection<V>> collectionFactory;

/**
 * The cached values.
 */
private transient Collection<V> valuesView;","<init>()
<init>(Map, Factory)
multiValueMap(Map) | public static
multiValueMap(Map, Class) | public static
multiValueMap(Map, Factory) | public static
writeObject(ObjectOutputStream) | private | throws IOException
readObject(ObjectInputStream) | private | throws IOException, ClassNotFoundException
clear() | public
containsValue(Object) | public
put(K, Object) | public
putAll(Map) | public
entrySet() | public
values() | public
containsValue(Object, Object) | public
getCollection(Object) | public
size(Object) | public
putAll(K, Collection) | public
iterator(Object) | public
iterator() | public
totalSize() | public
createCollection(int) | protected",public
org.apache.commons.collections4.map.MultiValueMap.size(java.lang.Object),int size(java.lang.Object),"{
    java.lang.Object key;
    org.apache.commons.collections4.map.MultiValueMap this;
    unknown $stack3, coll;


    this := @this: org.apache.commons.collections4.map.MultiValueMap;
    key := @parameter0: java.lang.Object;
    coll = virtualinvoke this.<org.apache.commons.collections4.map.MultiValueMap: java.util.Collection getCollection(java.lang.Object)>(key);

    if coll != null goto label1;

    return 0;

  label1:
    $stack3 = interfaceinvoke coll.<java.util.Collection: int size()>();

    return $stack3;
}
","/**
 * Gets the size of the collection mapped to the specified key.
 *
 * @param key  the key to get size for
 * @return the size of the collection at the key, zero if key not in map
 */
public int size(final Object key) {
    final Collection<V> coll = getCollection(key);
    if (coll == null) {
        return 0;
    }
    return coll.size();
}","/**
 * Serialization version
 */
private static final long serialVersionUID = -2214159910087182007L;

/**
 * The factory for creating value collections.
 */
private final Factory<? extends Collection<V>> collectionFactory;

/**
 * The cached values.
 */
private transient Collection<V> valuesView;","<init>()
<init>(Map, Factory)
multiValueMap(Map) | public static
multiValueMap(Map, Class) | public static
multiValueMap(Map, Factory) | public static
writeObject(ObjectOutputStream) | private | throws IOException
readObject(ObjectInputStream) | private | throws IOException, ClassNotFoundException
clear() | public
removeMapping(Object, Object) | public
containsValue(Object) | public
put(K, Object) | public
putAll(Map) | public
entrySet() | public
values() | public
containsValue(Object, Object) | public
getCollection(Object) | public
putAll(K, Collection) | public
iterator(Object) | public
iterator() | public
totalSize() | public
createCollection(int) | protected",public
org.apache.commons.collections4.map.MultiValueMap.totalSize(),int totalSize(),"{
    org.apache.commons.collections4.map.MultiValueMap this;
    unknown $stack4, $stack5, $stack6, $stack7, l2, total, v;


    this := @this: org.apache.commons.collections4.map.MultiValueMap;
    total = 0;
    $stack4 = virtualinvoke this.<org.apache.commons.collections4.map.MultiValueMap: java.util.Map decorated()>();
    $stack5 = interfaceinvoke $stack4.<java.util.Map: java.util.Collection values()>();
    l2 = interfaceinvoke $stack5.<java.util.Collection: java.util.Iterator iterator()>();

  label1:
    $stack6 = interfaceinvoke l2.<java.util.Iterator: boolean hasNext()>();

    if $stack6 == 0 goto label2;
    v = interfaceinvoke l2.<java.util.Iterator: java.lang.Object next()>();
    $stack7 = staticinvoke <org.apache.commons.collections4.CollectionUtils: int size(java.lang.Object)>(v);
    total = total + $stack7;

    goto label1;

  label2:
    return total;
}
","/**
 * Gets the total size of the map by counting all the values.
 *
 * @return the total size of the map counting all values
 */
public int totalSize() {
    int total = 0;
    for (final Object v : decorated().values()) {
        total += CollectionUtils.size(v);
    }
    return total;
}","/**
 * Serialization version
 */
private static final long serialVersionUID = -2214159910087182007L;

/**
 * The factory for creating value collections.
 */
private final Factory<? extends Collection<V>> collectionFactory;

/**
 * The cached values.
 */
private transient Collection<V> valuesView;","<init>()
<init>(Map, Factory)
multiValueMap(Map) | public static
multiValueMap(Map, Class) | public static
multiValueMap(Map, Factory) | public static
writeObject(ObjectOutputStream) | private | throws IOException
readObject(ObjectInputStream) | private | throws IOException, ClassNotFoundException
clear() | public
removeMapping(Object, Object) | public
containsValue(Object) | public
put(K, Object) | public
putAll(Map) | public
entrySet() | public
values() | public
containsValue(Object, Object) | public
getCollection(Object) | public
size(Object) | public
putAll(K, Collection) | public
iterator(Object) | public
iterator() | public
createCollection(int) | protected",public
org.apache.commons.collections4.map.MultiValueMap.values(),java.util.Collection values(),"{
    org.apache.commons.collections4.map.MultiValueMap this;
    unknown $stack2, vs;


    this := @this: org.apache.commons.collections4.map.MultiValueMap;
    vs = this.<org.apache.commons.collections4.map.MultiValueMap: java.util.Collection valuesView>;

    if vs == null goto label1;
    $stack2 = vs;

    goto label2;

  label1:
    $stack2 = new org.apache.commons.collections4.map.MultiValueMap$Values;
    specialinvoke $stack2.<org.apache.commons.collections4.map.MultiValueMap$Values: void <init>(org.apache.commons.collections4.map.MultiValueMap,org.apache.commons.collections4.map.MultiValueMap$1)>(this, null);
    this.<org.apache.commons.collections4.map.MultiValueMap: java.util.Collection valuesView> = $stack2;

  label2:
    return $stack2;
}
","/**
 * Gets a collection containing all the values in the map.
 * <p>
 * This returns a collection containing the combination of values from all keys.
 *
 * @return a collection view of the values contained in this map
 */
@Override
@SuppressWarnings(""unchecked"")
public Collection<Object> values() {
    final Collection<V> vs = valuesView;
    return (Collection<Object>) (vs != null ? vs : (valuesView = new Values()));
}","/**
 * Serialization version
 */
private static final long serialVersionUID = -2214159910087182007L;

/**
 * The factory for creating value collections.
 */
private final Factory<? extends Collection<V>> collectionFactory;

/**
 * The cached values.
 */
private transient Collection<V> valuesView;","<init>()
<init>(Map, Factory)
multiValueMap(Map) | public static
multiValueMap(Map, Class) | public static
multiValueMap(Map, Factory) | public static
writeObject(ObjectOutputStream) | private | throws IOException
readObject(ObjectInputStream) | private | throws IOException, ClassNotFoundException
clear() | public
removeMapping(Object, Object) | public
containsValue(Object) | public
put(K, Object) | public
putAll(Map) | public
entrySet() | public
containsValue(Object, Object) | public
getCollection(Object) | public
size(Object) | public
putAll(K, Collection) | public
iterator(Object) | public
iterator() | public
totalSize() | public
createCollection(int) | protected",public
org.apache.commons.collections4.map.MultiValueMap.writeObject(java.io.ObjectOutputStream),void writeObject(java.io.ObjectOutputStream),"{
    java.io.ObjectOutputStream out;
    org.apache.commons.collections4.map.MultiValueMap this;
    unknown $stack2;


    this := @this: org.apache.commons.collections4.map.MultiValueMap;
    out := @parameter0: java.io.ObjectOutputStream;
    virtualinvoke out.<java.io.ObjectOutputStream: void defaultWriteObject()>();
    $stack2 = this.<org.apache.commons.collections4.map.MultiValueMap: java.util.Map map>;
    virtualinvoke out.<java.io.ObjectOutputStream: void writeObject(java.lang.Object)>($stack2);

    return;
}
","//-----------------------------------------------------------------------
/**
 * Write the map out using a custom routine.
 *
 * @param out  the output stream
 * @throws IOException
 * @since 4.0
 */
private void writeObject(final ObjectOutputStream out) throws IOException {
    out.defaultWriteObject();
    out.writeObject(map);
}","/**
 * Serialization version
 */
private static final long serialVersionUID = -2214159910087182007L;

/**
 * The factory for creating value collections.
 */
private final Factory<? extends Collection<V>> collectionFactory;

/**
 * The cached values.
 */
private transient Collection<V> valuesView;","<init>()
<init>(Map, Factory)
multiValueMap(Map) | public static
multiValueMap(Map, Class) | public static
multiValueMap(Map, Factory) | public static
readObject(ObjectInputStream) | private | throws IOException, ClassNotFoundException
clear() | public
removeMapping(Object, Object) | public
containsValue(Object) | public
put(K, Object) | public
putAll(Map) | public
entrySet() | public
values() | public
containsValue(Object, Object) | public
getCollection(Object) | public
size(Object) | public
putAll(K, Collection) | public
iterator(Object) | public
iterator() | public
totalSize() | public
createCollection(int) | protected",private | throws IOException
org.apache.commons.compress.archivers.tar.TarUtils.<clinit>(),void <clinit>(),"{
    unknown $stack0, $stack1;


    $stack0 = staticinvoke <org.apache.commons.compress.archivers.zip.ZipEncodingHelper: org.apache.commons.compress.archivers.zip.ZipEncoding getZipEncoding(java.lang.String)>(null);
    <org.apache.commons.compress.archivers.tar.TarUtils: org.apache.commons.compress.archivers.zip.ZipEncoding DEFAULT_ENCODING> = $stack0;
    $stack1 = new org.apache.commons.compress.archivers.tar.TarUtils$1;
    specialinvoke $stack1.<org.apache.commons.compress.archivers.tar.TarUtils$1: void <init>()>();
    <org.apache.commons.compress.archivers.tar.TarUtils: org.apache.commons.compress.archivers.zip.ZipEncoding FALLBACK_ENCODING> = $stack1;

    return;
}
",unavailable,"private static final int BYTE_MASK = 255;

static final ZipEncoding DEFAULT_ENCODING = ZipEncodingHelper.getZipEncoding(null);

/**
 * Encapsulates the algorithms used up to Commons Compress 1.3 as
 * ZipEncoding.
 */
static final ZipEncoding FALLBACK_ENCODING = new ZipEncoding() {

    @Override
    public boolean canEncode(final String name) {
        return true;
    }

    @Override
    public ByteBuffer encode(final String name) {
        final int length = name.length();
        final byte[] buf = new byte[length];
        // copy until end of input or output is reached.
        for (int i = 0; i < length; ++i) {
            buf[i] = (byte) name.charAt(i);
        }
        return ByteBuffer.wrap(buf);
    }

    @Override
    public String decode(final byte[] buffer) {
        final int length = buffer.length;
        final StringBuilder result = new StringBuilder(length);
        for (final byte b : buffer) {
            if (b == 0) {
                // Trailing null
                break;
            }
            // Allow for sign-extension
            result.append((char) (b & 0xFF));
        }
        return result.toString();
    }
};","<init>()
parseOctal(byte[], int, int) | public static
parseOctalOrBinary(byte[], int, int) | public static
parseBinaryLong(byte[], int, int, boolean) | private static
parseBinaryBigInteger(byte[], int, int, boolean) | private static
parseBoolean(byte[], int) | public static
exceptionMessage(byte[], int, int, int, byte) | private static
parseName(byte[], int, int) | public static
parseName(byte[], int, int, ZipEncoding) | public static | throws IOException
formatNameBytes(String, byte[], int, int) | public static
formatNameBytes(String, byte[], int, int, ZipEncoding) | public static | throws IOException
formatUnsignedOctalString(long, byte[], int, int) | public static
formatOctalBytes(long, byte[], int, int) | public static
formatLongOctalBytes(long, byte[], int, int) | public static
formatLongOctalOrBinaryBytes(long, byte[], int, int) | public static
formatLongBinary(long, byte[], int, int, boolean) | private static
formatBigIntegerBinary(long, byte[], int, int, boolean) | private static
formatCheckSumOctalBytes(long, byte[], int, int) | public static
computeCheckSum(byte[]) | public static
verifyCheckSum(byte[]) | public static",source declaration unavailable
org.apache.commons.compress.archivers.tar.TarUtils.<init>(),void <init>(),"{
    org.apache.commons.compress.archivers.tar.TarUtils this;


    this := @this: org.apache.commons.compress.archivers.tar.TarUtils;
    specialinvoke this.<java.lang.Object: void <init>()>();

    return;
}
","/**
 * Private constructor to prevent instantiation of this utility class.
 */
private TarUtils() {
}","private static final int BYTE_MASK = 255;

static final ZipEncoding DEFAULT_ENCODING = ZipEncodingHelper.getZipEncoding(null);

/**
 * Encapsulates the algorithms used up to Commons Compress 1.3 as
 * ZipEncoding.
 */
static final ZipEncoding FALLBACK_ENCODING = new ZipEncoding() {

    @Override
    public boolean canEncode(final String name) {
        return true;
    }

    @Override
    public ByteBuffer encode(final String name) {
        final int length = name.length();
        final byte[] buf = new byte[length];
        // copy until end of input or output is reached.
        for (int i = 0; i < length; ++i) {
            buf[i] = (byte) name.charAt(i);
        }
        return ByteBuffer.wrap(buf);
    }

    @Override
    public String decode(final byte[] buffer) {
        final int length = buffer.length;
        final StringBuilder result = new StringBuilder(length);
        for (final byte b : buffer) {
            if (b == 0) {
                // Trailing null
                break;
            }
            // Allow for sign-extension
            result.append((char) (b & 0xFF));
        }
        return result.toString();
    }
};","parseOctal(byte[], int, int) | public static
parseOctalOrBinary(byte[], int, int) | public static
parseBinaryLong(byte[], int, int, boolean) | private static
parseBinaryBigInteger(byte[], int, int, boolean) | private static
parseBoolean(byte[], int) | public static
exceptionMessage(byte[], int, int, int, byte) | private static
parseName(byte[], int, int) | public static
parseName(byte[], int, int, ZipEncoding) | public static | throws IOException
formatNameBytes(String, byte[], int, int) | public static
formatNameBytes(String, byte[], int, int, ZipEncoding) | public static | throws IOException
formatUnsignedOctalString(long, byte[], int, int) | public static
formatOctalBytes(long, byte[], int, int) | public static
formatLongOctalBytes(long, byte[], int, int) | public static
formatLongOctalOrBinaryBytes(long, byte[], int, int) | public static
formatLongBinary(long, byte[], int, int, boolean) | private static
formatBigIntegerBinary(long, byte[], int, int, boolean) | private static
formatCheckSumOctalBytes(long, byte[], int, int) | public static
computeCheckSum(byte[]) | public static
verifyCheckSum(byte[]) | public static",private
org.apache.commons.compress.archivers.tar.TarUtils.computeCheckSum(byte[]),long computeCheckSum(byte[]),"{
    byte[] buf;
    unknown $stack7, $stack8, element, l3, l4, l5, sum;


    buf := @parameter0: byte[];
    sum = 0L;
    l3 = buf;
    l4 = lengthof l3;
    l5 = 0;

  label1:
    if l5 >= l4 goto label2;
    element = l3[l5];
    $stack7 = 255 & element;
    $stack8 = (long) $stack7;
    sum = sum + $stack8;
    l5 = l5 + 1;

    goto label1;

  label2:
    return sum;
}
","/**
 * Compute the checksum of a tar entry header.
 *
 * @param buf The tar entry's header buffer.
 * @return The computed checksum.
 */
public static long computeCheckSum(final byte[] buf) {
    long sum = 0;
    for (final byte element : buf) {
        sum += BYTE_MASK & element;
    }
    return sum;
}","private static final int BYTE_MASK = 255;

static final ZipEncoding DEFAULT_ENCODING = ZipEncodingHelper.getZipEncoding(null);

/**
 * Encapsulates the algorithms used up to Commons Compress 1.3 as
 * ZipEncoding.
 */
static final ZipEncoding FALLBACK_ENCODING = new ZipEncoding() {

    @Override
    public boolean canEncode(final String name) {
        return true;
    }

    @Override
    public ByteBuffer encode(final String name) {
        final int length = name.length();
        final byte[] buf = new byte[length];
        // copy until end of input or output is reached.
        for (int i = 0; i < length; ++i) {
            buf[i] = (byte) name.charAt(i);
        }
        return ByteBuffer.wrap(buf);
    }

    @Override
    public String decode(final byte[] buffer) {
        final int length = buffer.length;
        final StringBuilder result = new StringBuilder(length);
        for (final byte b : buffer) {
            if (b == 0) {
                // Trailing null
                break;
            }
            // Allow for sign-extension
            result.append((char) (b & 0xFF));
        }
        return result.toString();
    }
};","<init>()
parseOctal(byte[], int, int) | public static
parseOctalOrBinary(byte[], int, int) | public static
parseBinaryLong(byte[], int, int, boolean) | private static
parseBinaryBigInteger(byte[], int, int, boolean) | private static
parseBoolean(byte[], int) | public static
exceptionMessage(byte[], int, int, int, byte) | private static
parseName(byte[], int, int) | public static
parseName(byte[], int, int, ZipEncoding) | public static | throws IOException
formatNameBytes(String, byte[], int, int) | public static
formatNameBytes(String, byte[], int, int, ZipEncoding) | public static | throws IOException
formatUnsignedOctalString(long, byte[], int, int) | public static
formatOctalBytes(long, byte[], int, int) | public static
formatLongOctalBytes(long, byte[], int, int) | public static
formatLongOctalOrBinaryBytes(long, byte[], int, int) | public static
formatLongBinary(long, byte[], int, int, boolean) | private static
formatBigIntegerBinary(long, byte[], int, int, boolean) | private static
formatCheckSumOctalBytes(long, byte[], int, int) | public static
verifyCheckSum(byte[]) | public static",public static
"org.apache.commons.compress.archivers.tar.TarUtils.exceptionMessage(byte[],int,int,int,byte)","java.lang.String exceptionMessage(byte[],int,int,int,byte)","{
    byte currentByte;
    byte[] buffer;
    int current, length, offset;
    unknown $stack10, $stack11, $stack12, $stack13, $stack14, $stack15, $stack16, $stack17, $stack7, $stack8, $stack9, s, string;


    buffer := @parameter0: byte[];
    offset := @parameter1: int;
    length := @parameter2: int;
    current := @parameter3: int;
    currentByte := @parameter4: byte;
    $stack7 = new java.lang.String;
    specialinvoke $stack7.<java.lang.String: void <init>(byte[],int,int)>(buffer, offset, length);
    string = $stack7;
    string = virtualinvoke string.<java.lang.String: java.lang.String replaceAll(java.lang.String,java.lang.String)>(""\u0000"", ""{NUL}"");
    $stack8 = new java.lang.StringBuilder;
    specialinvoke $stack8.<java.lang.StringBuilder: void <init>()>();
    $stack9 = virtualinvoke $stack8.<java.lang.StringBuilder: java.lang.StringBuilder append(java.lang.String)>(""Invalid byte "");
    $stack10 = virtualinvoke $stack9.<java.lang.StringBuilder: java.lang.StringBuilder append(int)>(currentByte);
    $stack12 = virtualinvoke $stack10.<java.lang.StringBuilder: java.lang.StringBuilder append(java.lang.String)>("" at offset "");
    $stack11 = current - offset;
    $stack13 = virtualinvoke $stack12.<java.lang.StringBuilder: java.lang.StringBuilder append(int)>($stack11);
    $stack14 = virtualinvoke $stack13.<java.lang.StringBuilder: java.lang.StringBuilder append(java.lang.String)>("" in \'"");
    $stack15 = virtualinvoke $stack14.<java.lang.StringBuilder: java.lang.StringBuilder append(java.lang.String)>(string);
    $stack16 = virtualinvoke $stack15.<java.lang.StringBuilder: java.lang.StringBuilder append(java.lang.String)>(""\' len="");
    $stack17 = virtualinvoke $stack16.<java.lang.StringBuilder: java.lang.StringBuilder append(int)>(length);
    s = virtualinvoke $stack17.<java.lang.StringBuilder: java.lang.String toString()>();

    return s;
}
","// Helper method to generate the exception message
private static String exceptionMessage(final byte[] buffer, final int offset, final int length, final int current, final byte currentByte) {
    // default charset is good enough for an exception message,
    //
    // the alternative was to modify parseOctal and
    // parseOctalOrBinary to receive the ZipEncoding of the
    // archive (deprecating the existing public methods, of
    // course) and dealing with the fact that ZipEncoding#decode
    // can throw an IOException which parseOctal* doesn't declare
    String string = new String(buffer, offset, length);
    // Replace NULs to allow string to be printed
    string = string.replaceAll(""\0"", ""{NUL}"");
    final String s = ""Invalid byte "" + currentByte + "" at offset "" + (current - offset) + "" in '"" + string + ""' len="" + length;
    return s;
}","private static final int BYTE_MASK = 255;

static final ZipEncoding DEFAULT_ENCODING = ZipEncodingHelper.getZipEncoding(null);

/**
 * Encapsulates the algorithms used up to Commons Compress 1.3 as
 * ZipEncoding.
 */
static final ZipEncoding FALLBACK_ENCODING = new ZipEncoding() {

    @Override
    public boolean canEncode(final String name) {
        return true;
    }

    @Override
    public ByteBuffer encode(final String name) {
        final int length = name.length();
        final byte[] buf = new byte[length];
        // copy until end of input or output is reached.
        for (int i = 0; i < length; ++i) {
            buf[i] = (byte) name.charAt(i);
        }
        return ByteBuffer.wrap(buf);
    }

    @Override
    public String decode(final byte[] buffer) {
        final int length = buffer.length;
        final StringBuilder result = new StringBuilder(length);
        for (final byte b : buffer) {
            if (b == 0) {
                // Trailing null
                break;
            }
            // Allow for sign-extension
            result.append((char) (b & 0xFF));
        }
        return result.toString();
    }
};","<init>()
parseOctal(byte[], int, int) | public static
parseOctalOrBinary(byte[], int, int) | public static
parseBinaryLong(byte[], int, int, boolean) | private static
parseBinaryBigInteger(byte[], int, int, boolean) | private static
parseBoolean(byte[], int) | public static
parseName(byte[], int, int) | public static
parseName(byte[], int, int, ZipEncoding) | public static | throws IOException
formatNameBytes(String, byte[], int, int) | public static
formatNameBytes(String, byte[], int, int, ZipEncoding) | public static | throws IOException
formatUnsignedOctalString(long, byte[], int, int) | public static
formatOctalBytes(long, byte[], int, int) | public static
formatLongOctalBytes(long, byte[], int, int) | public static
formatLongOctalOrBinaryBytes(long, byte[], int, int) | public static
formatLongBinary(long, byte[], int, int, boolean) | private static
formatBigIntegerBinary(long, byte[], int, int, boolean) | private static
formatCheckSumOctalBytes(long, byte[], int, int) | public static
computeCheckSum(byte[]) | public static
verifyCheckSum(byte[]) | public static",private static
"org.apache.commons.compress.archivers.tar.TarUtils.formatBigIntegerBinary(long,byte[],int,int,boolean)","void formatBigIntegerBinary(long,byte[],int,int,boolean)","{
    boolean negative;
    byte[] buf;
    int length, offset;
    long value;
    unknown $stack12, $stack13, $stack14, $stack15, $stack16, $stack17, $stack18, $stack19, $stack20, $stack21, $stack22, b, fill, i, len, off, val;


    value := @parameter0: long;
    buf := @parameter1: byte[];
    offset := @parameter2: int;
    length := @parameter3: int;
    negative := @parameter4: boolean;
    val = staticinvoke <java.math.BigInteger: java.math.BigInteger valueOf(long)>(value);
    b = virtualinvoke val.<java.math.BigInteger: byte[] toByteArray()>();
    len = lengthof b;
    $stack12 = length - 1;

    if len <= $stack12 goto label1;
    $stack22 = new java.lang.IllegalArgumentException;
    $stack15 = new java.lang.StringBuilder;
    specialinvoke $stack15.<java.lang.StringBuilder: void <init>()>();
    $stack16 = virtualinvoke $stack15.<java.lang.StringBuilder: java.lang.StringBuilder append(java.lang.String)>(""Value "");
    $stack17 = virtualinvoke $stack16.<java.lang.StringBuilder: java.lang.StringBuilder append(long)>(value);
    $stack18 = virtualinvoke $stack17.<java.lang.StringBuilder: java.lang.StringBuilder append(java.lang.String)>("" is too large for "");
    $stack19 = virtualinvoke $stack18.<java.lang.StringBuilder: java.lang.StringBuilder append(int)>(length);
    $stack20 = virtualinvoke $stack19.<java.lang.StringBuilder: java.lang.StringBuilder append(java.lang.String)>("" byte field."");
    $stack21 = virtualinvoke $stack20.<java.lang.StringBuilder: java.lang.String toString()>();
    specialinvoke $stack22.<java.lang.IllegalArgumentException: void <init>(java.lang.String)>($stack21);

    throw $stack22;

  label1:
    $stack13 = offset + length;
    off = $stack13 - len;
    staticinvoke <java.lang.System: void arraycopy(java.lang.Object,int,java.lang.Object,int,int)>(b, 0, buf, off, len);

    if negative == 0 goto label2;
    $stack14 = 255;

    goto label3;

  label2:
    $stack14 = 0;

  label3:
    fill = (byte) $stack14;
    i = offset + 1;

  label4:
    if i >= off goto label5;
    buf[i] = fill;
    i = i + 1;

    goto label4;

  label5:
    return;
}
","private static void formatBigIntegerBinary(final long value, final byte[] buf, final int offset, final int length, final boolean negative) {
    final BigInteger val = BigInteger.valueOf(value);
    final byte[] b = val.toByteArray();
    final int len = b.length;
    if (len > length - 1) {
        throw new IllegalArgumentException(""Value "" + value + "" is too large for "" + length + "" byte field."");
    }
    final int off = offset + length - len;
    System.arraycopy(b, 0, buf, off, len);
    final byte fill = (byte) (negative ? 0xff : 0);
    for (int i = offset + 1; i < off; i++) {
        buf[i] = fill;
    }
}","private static final int BYTE_MASK = 255;

static final ZipEncoding DEFAULT_ENCODING = ZipEncodingHelper.getZipEncoding(null);

/**
 * Encapsulates the algorithms used up to Commons Compress 1.3 as
 * ZipEncoding.
 */
static final ZipEncoding FALLBACK_ENCODING = new ZipEncoding() {

    @Override
    public boolean canEncode(final String name) {
        return true;
    }

    @Override
    public ByteBuffer encode(final String name) {
        final int length = name.length();
        final byte[] buf = new byte[length];
        // copy until end of input or output is reached.
        for (int i = 0; i < length; ++i) {
            buf[i] = (byte) name.charAt(i);
        }
        return ByteBuffer.wrap(buf);
    }

    @Override
    public String decode(final byte[] buffer) {
        final int length = buffer.length;
        final StringBuilder result = new StringBuilder(length);
        for (final byte b : buffer) {
            if (b == 0) {
                // Trailing null
                break;
            }
            // Allow for sign-extension
            result.append((char) (b & 0xFF));
        }
        return result.toString();
    }
};","<init>()
parseOctal(byte[], int, int) | public static
parseOctalOrBinary(byte[], int, int) | public static
parseBinaryLong(byte[], int, int, boolean) | private static
parseBinaryBigInteger(byte[], int, int, boolean) | private static
parseBoolean(byte[], int) | public static
exceptionMessage(byte[], int, int, int, byte) | private static
parseName(byte[], int, int) | public static
parseName(byte[], int, int, ZipEncoding) | public static | throws IOException
formatNameBytes(String, byte[], int, int) | public static
formatNameBytes(String, byte[], int, int, ZipEncoding) | public static | throws IOException
formatUnsignedOctalString(long, byte[], int, int) | public static
formatOctalBytes(long, byte[], int, int) | public static
formatLongOctalBytes(long, byte[], int, int) | public static
formatLongOctalOrBinaryBytes(long, byte[], int, int) | public static
formatLongBinary(long, byte[], int, int, boolean) | private static
formatCheckSumOctalBytes(long, byte[], int, int) | public static
computeCheckSum(byte[]) | public static
verifyCheckSum(byte[]) | public static",private static
"org.apache.commons.compress.archivers.tar.TarUtils.formatCheckSumOctalBytes(long,byte[],int,int)","int formatCheckSumOctalBytes(long,byte[],int,int)","{
    byte[] buf;
    int length, offset;
    long value;
    unknown $stack6, $stack7, $stack8, $stack9, idx;


    value := @parameter0: long;
    buf := @parameter1: byte[];
    offset := @parameter2: int;
    length := @parameter3: int;
    idx = length - 2;
    staticinvoke <org.apache.commons.compress.archivers.tar.TarUtils: void formatUnsignedOctalString(long,byte[],int,int)>(value, buf, offset, idx);
    $stack6 = idx;
    idx = idx + 1;
    $stack7 = offset + $stack6;
    buf[$stack7] = 0;
    $stack8 = offset + idx;
    buf[$stack8] = 32;
    $stack9 = offset + length;

    return $stack9;
}
","/**
 * Writes an octal value into a buffer.
 *
 * Uses {@link #formatUnsignedOctalString} to format
 * the value as an octal string with leading zeros.
 * The converted number is followed by NUL and then space.
 *
 * @param value The value to convert
 * @param buf The destination buffer
 * @param offset The starting offset into the buffer.
 * @param length The size of the buffer.
 * @return The updated value of offset, i.e. offset+length
 * @throws IllegalArgumentException if the value (and trailer) will not fit in the buffer
 */
public static int formatCheckSumOctalBytes(final long value, final byte[] buf, final int offset, final int length) {
    // for NUL and space
    int idx = length - 2;
    formatUnsignedOctalString(value, buf, offset, idx);
    // Trailing null
    buf[offset + idx++] = 0;
    // Trailing space
    buf[offset + idx] = (byte) ' ';
    return offset + length;
}","private static final int BYTE_MASK = 255;

static final ZipEncoding DEFAULT_ENCODING = ZipEncodingHelper.getZipEncoding(null);

/**
 * Encapsulates the algorithms used up to Commons Compress 1.3 as
 * ZipEncoding.
 */
static final ZipEncoding FALLBACK_ENCODING = new ZipEncoding() {

    @Override
    public boolean canEncode(final String name) {
        return true;
    }

    @Override
    public ByteBuffer encode(final String name) {
        final int length = name.length();
        final byte[] buf = new byte[length];
        // copy until end of input or output is reached.
        for (int i = 0; i < length; ++i) {
            buf[i] = (byte) name.charAt(i);
        }
        return ByteBuffer.wrap(buf);
    }

    @Override
    public String decode(final byte[] buffer) {
        final int length = buffer.length;
        final StringBuilder result = new StringBuilder(length);
        for (final byte b : buffer) {
            if (b == 0) {
                // Trailing null
                break;
            }
            // Allow for sign-extension
            result.append((char) (b & 0xFF));
        }
        return result.toString();
    }
};","<init>()
parseOctal(byte[], int, int) | public static
parseOctalOrBinary(byte[], int, int) | public static
parseBinaryLong(byte[], int, int, boolean) | private static
parseBinaryBigInteger(byte[], int, int, boolean) | private static
parseBoolean(byte[], int) | public static
exceptionMessage(byte[], int, int, int, byte) | private static
parseName(byte[], int, int) | public static
parseName(byte[], int, int, ZipEncoding) | public static | throws IOException
formatNameBytes(String, byte[], int, int) | public static
formatNameBytes(String, byte[], int, int, ZipEncoding) | public static | throws IOException
formatUnsignedOctalString(long, byte[], int, int) | public static
formatOctalBytes(long, byte[], int, int) | public static
formatLongOctalBytes(long, byte[], int, int) | public static
formatLongOctalOrBinaryBytes(long, byte[], int, int) | public static
formatLongBinary(long, byte[], int, int, boolean) | private static
formatBigIntegerBinary(long, byte[], int, int, boolean) | private static
computeCheckSum(byte[]) | public static
verifyCheckSum(byte[]) | public static",public static
"org.apache.commons.compress.archivers.tar.TarUtils.formatLongBinary(long,byte[],int,int,boolean)","void formatLongBinary(long,byte[],int,int,boolean)","{
    boolean negative;
    byte[] buf;
    int length, offset;
    long value;
    unknown $stack12, $stack13, $stack14, $stack15, $stack16, $stack17, $stack18, $stack19, $stack20, $stack21, $stack22, $stack23, $stack24, $stack25, $stack26, $stack27, bits, i, max, val;


    value := @parameter0: long;
    buf := @parameter1: byte[];
    offset := @parameter2: int;
    length := @parameter3: int;
    negative := @parameter4: boolean;
    $stack12 = length - 1;
    bits = $stack12 * 8;
    max = 1L << bits;
    val = staticinvoke <java.lang.Math: long abs(long)>(value);
    $stack13 = val cmp 0L;

    if $stack13 < 0 goto label1;
    $stack22 = val cmp max;

    if $stack22 < 0 goto label2;

  label1:
    $stack21 = new java.lang.IllegalArgumentException;
    $stack14 = new java.lang.StringBuilder;
    specialinvoke $stack14.<java.lang.StringBuilder: void <init>()>();
    $stack15 = virtualinvoke $stack14.<java.lang.StringBuilder: java.lang.StringBuilder append(java.lang.String)>(""Value "");
    $stack16 = virtualinvoke $stack15.<java.lang.StringBuilder: java.lang.StringBuilder append(long)>(value);
    $stack17 = virtualinvoke $stack16.<java.lang.StringBuilder: java.lang.StringBuilder append(java.lang.String)>("" is too large for "");
    $stack18 = virtualinvoke $stack17.<java.lang.StringBuilder: java.lang.StringBuilder append(int)>(length);
    $stack19 = virtualinvoke $stack18.<java.lang.StringBuilder: java.lang.StringBuilder append(java.lang.String)>("" byte field."");
    $stack20 = virtualinvoke $stack19.<java.lang.StringBuilder: java.lang.String toString()>();
    specialinvoke $stack21.<java.lang.IllegalArgumentException: void <init>(java.lang.String)>($stack20);

    throw $stack21;

  label2:
    if negative == 0 goto label3;
    $stack26 = max - 1L;
    val = val ^ $stack26;
    val = val + 1L;
    $stack27 = 255L << bits;
    val = val | $stack27;

  label3:
    $stack23 = offset + length;
    i = $stack23 - 1;

  label4:
    if i < offset goto label5;
    $stack24 = (int) val;
    $stack25 = (byte) $stack24;
    buf[i] = $stack25;
    val = val >> 8;
    i = i + -1;

    goto label4;

  label5:
    return;
}
","private static void formatLongBinary(final long value, final byte[] buf, final int offset, final int length, final boolean negative) {
    final int bits = (length - 1) * 8;
    final long max = 1l << bits;
    // Long.MIN_VALUE stays Long.MIN_VALUE
    long val = Math.abs(value);
    if (val < 0 || val >= max) {
        throw new IllegalArgumentException(""Value "" + value + "" is too large for "" + length + "" byte field."");
    }
    if (negative) {
        val ^= max - 1;
        val++;
        val |= 0xffl << bits;
    }
    for (int i = offset + length - 1; i >= offset; i--) {
        buf[i] = (byte) val;
        val >>= 8;
    }
}","private static final int BYTE_MASK = 255;

static final ZipEncoding DEFAULT_ENCODING = ZipEncodingHelper.getZipEncoding(null);

/**
 * Encapsulates the algorithms used up to Commons Compress 1.3 as
 * ZipEncoding.
 */
static final ZipEncoding FALLBACK_ENCODING = new ZipEncoding() {

    @Override
    public boolean canEncode(final String name) {
        return true;
    }

    @Override
    public ByteBuffer encode(final String name) {
        final int length = name.length();
        final byte[] buf = new byte[length];
        // copy until end of input or output is reached.
        for (int i = 0; i < length; ++i) {
            buf[i] = (byte) name.charAt(i);
        }
        return ByteBuffer.wrap(buf);
    }

    @Override
    public String decode(final byte[] buffer) {
        final int length = buffer.length;
        final StringBuilder result = new StringBuilder(length);
        for (final byte b : buffer) {
            if (b == 0) {
                // Trailing null
                break;
            }
            // Allow for sign-extension
            result.append((char) (b & 0xFF));
        }
        return result.toString();
    }
};","<init>()
parseOctal(byte[], int, int) | public static
parseOctalOrBinary(byte[], int, int) | public static
parseBinaryLong(byte[], int, int, boolean) | private static
parseBinaryBigInteger(byte[], int, int, boolean) | private static
parseBoolean(byte[], int) | public static
exceptionMessage(byte[], int, int, int, byte) | private static
parseName(byte[], int, int) | public static
parseName(byte[], int, int, ZipEncoding) | public static | throws IOException
formatNameBytes(String, byte[], int, int) | public static
formatNameBytes(String, byte[], int, int, ZipEncoding) | public static | throws IOException
formatUnsignedOctalString(long, byte[], int, int) | public static
formatOctalBytes(long, byte[], int, int) | public static
formatLongOctalBytes(long, byte[], int, int) | public static
formatLongOctalOrBinaryBytes(long, byte[], int, int) | public static
formatBigIntegerBinary(long, byte[], int, int, boolean) | private static
formatCheckSumOctalBytes(long, byte[], int, int) | public static
computeCheckSum(byte[]) | public static
verifyCheckSum(byte[]) | public static",private static
"org.apache.commons.compress.archivers.tar.TarUtils.formatLongOctalBytes(long,byte[],int,int)","int formatLongOctalBytes(long,byte[],int,int)","{
    byte[] buf;
    int length, offset;
    long value;
    unknown $stack6, $stack7, idx;


    value := @parameter0: long;
    buf := @parameter1: byte[];
    offset := @parameter2: int;
    length := @parameter3: int;
    idx = length - 1;
    staticinvoke <org.apache.commons.compress.archivers.tar.TarUtils: void formatUnsignedOctalString(long,byte[],int,int)>(value, buf, offset, idx);
    $stack6 = offset + idx;
    buf[$stack6] = 32;
    $stack7 = offset + length;

    return $stack7;
}
","/**
 * Write an octal long integer into a buffer.
 *
 * Uses {@link #formatUnsignedOctalString} to format
 * the value as an octal string with leading zeros.
 * The converted number is followed by a space.
 *
 * @param value The value to write as octal
 * @param buf The destinationbuffer.
 * @param offset The starting offset into the buffer.
 * @param length The length of the buffer
 * @return The updated offset
 * @throws IllegalArgumentException if the value (and trailer) will not fit in the buffer
 */
public static int formatLongOctalBytes(final long value, final byte[] buf, final int offset, final int length) {
    // For space
    final int idx = length - 1;
    formatUnsignedOctalString(value, buf, offset, idx);
    // Trailing space
    buf[offset + idx] = (byte) ' ';
    return offset + length;
}","private static final int BYTE_MASK = 255;

static final ZipEncoding DEFAULT_ENCODING = ZipEncodingHelper.getZipEncoding(null);

/**
 * Encapsulates the algorithms used up to Commons Compress 1.3 as
 * ZipEncoding.
 */
static final ZipEncoding FALLBACK_ENCODING = new ZipEncoding() {

    @Override
    public boolean canEncode(final String name) {
        return true;
    }

    @Override
    public ByteBuffer encode(final String name) {
        final int length = name.length();
        final byte[] buf = new byte[length];
        // copy until end of input or output is reached.
        for (int i = 0; i < length; ++i) {
            buf[i] = (byte) name.charAt(i);
        }
        return ByteBuffer.wrap(buf);
    }

    @Override
    public String decode(final byte[] buffer) {
        final int length = buffer.length;
        final StringBuilder result = new StringBuilder(length);
        for (final byte b : buffer) {
            if (b == 0) {
                // Trailing null
                break;
            }
            // Allow for sign-extension
            result.append((char) (b & 0xFF));
        }
        return result.toString();
    }
};","<init>()
parseOctal(byte[], int, int) | public static
parseOctalOrBinary(byte[], int, int) | public static
parseBinaryLong(byte[], int, int, boolean) | private static
parseBinaryBigInteger(byte[], int, int, boolean) | private static
parseBoolean(byte[], int) | public static
exceptionMessage(byte[], int, int, int, byte) | private static
parseName(byte[], int, int) | public static
parseName(byte[], int, int, ZipEncoding) | public static | throws IOException
formatNameBytes(String, byte[], int, int) | public static
formatNameBytes(String, byte[], int, int, ZipEncoding) | public static | throws IOException
formatUnsignedOctalString(long, byte[], int, int) | public static
formatOctalBytes(long, byte[], int, int) | public static
formatLongOctalOrBinaryBytes(long, byte[], int, int) | public static
formatLongBinary(long, byte[], int, int, boolean) | private static
formatBigIntegerBinary(long, byte[], int, int, boolean) | private static
formatCheckSumOctalBytes(long, byte[], int, int) | public static
computeCheckSum(byte[]) | public static
verifyCheckSum(byte[]) | public static",public static
"org.apache.commons.compress.archivers.tar.TarUtils.formatLongOctalOrBinaryBytes(long,byte[],int,int)","int formatLongOctalOrBinaryBytes(long,byte[],int,int)","{
    byte[] buf;
    int length, offset;
    long value;
    unknown $stack10, $stack11, $stack12, $stack13, $stack8, $stack9, maxAsOctalChar, negative;


    value := @parameter0: long;
    buf := @parameter1: byte[];
    offset := @parameter2: int;
    length := @parameter3: int;

    if length != 8 goto label1;
    maxAsOctalChar = 2097151L;

    goto label2;

  label1:
    maxAsOctalChar = 8589934591L;

  label2:
    $stack8 = value cmp 0L;

    if $stack8 >= 0 goto label3;
    negative = 1;

    goto label4;

  label3:
    negative = 0;

  label4:
    if negative != 0 goto label5;
    $stack12 = value cmp maxAsOctalChar;

    if $stack12 > 0 goto label5;
    $stack13 = staticinvoke <org.apache.commons.compress.archivers.tar.TarUtils: int formatLongOctalBytes(long,byte[],int,int)>(value, buf, offset, length);

    return $stack13;

  label5:
    if length >= 9 goto label6;
    staticinvoke <org.apache.commons.compress.archivers.tar.TarUtils: void formatLongBinary(long,byte[],int,int,boolean)>(value, buf, offset, length, negative);

  label6:
    staticinvoke <org.apache.commons.compress.archivers.tar.TarUtils: void formatBigIntegerBinary(long,byte[],int,int,boolean)>(value, buf, offset, length, negative);

    if negative == 0 goto label7;
    $stack11 = 255;

    goto label8;

  label7:
    $stack11 = 128;

  label8:
    $stack9 = (byte) $stack11;
    buf[offset] = $stack9;
    $stack10 = offset + length;

    return $stack10;
}
","/**
 * Write an long integer into a buffer as an octal string if this
 * will fit, or as a binary number otherwise.
 *
 * Uses {@link #formatUnsignedOctalString} to format
 * the value as an octal string with leading zeros.
 * The converted number is followed by a space.
 *
 * @param value The value to write into the buffer.
 * @param buf The destination buffer.
 * @param offset The starting offset into the buffer.
 * @param length The length of the buffer.
 * @return The updated offset.
 * @throws IllegalArgumentException if the value (and trailer)
 * will not fit in the buffer.
 * @since 1.4
 */
public static int formatLongOctalOrBinaryBytes(final long value, final byte[] buf, final int offset, final int length) {
    // Check whether we are dealing with UID/GID or SIZE field
    final long maxAsOctalChar = length == TarConstants.UIDLEN ? TarConstants.MAXID : TarConstants.MAXSIZE;
    final boolean negative = value < 0;
    if (!negative && value <= maxAsOctalChar) {
        // OK to store as octal chars
        return formatLongOctalBytes(value, buf, offset, length);
    }
    if (length < 9) {
        formatLongBinary(value, buf, offset, length, negative);
    }
    formatBigIntegerBinary(value, buf, offset, length, negative);
    buf[offset] = (byte) (negative ? 0xff : 0x80);
    return offset + length;
}","private static final int BYTE_MASK = 255;

static final ZipEncoding DEFAULT_ENCODING = ZipEncodingHelper.getZipEncoding(null);

/**
 * Encapsulates the algorithms used up to Commons Compress 1.3 as
 * ZipEncoding.
 */
static final ZipEncoding FALLBACK_ENCODING = new ZipEncoding() {

    @Override
    public boolean canEncode(final String name) {
        return true;
    }

    @Override
    public ByteBuffer encode(final String name) {
        final int length = name.length();
        final byte[] buf = new byte[length];
        // copy until end of input or output is reached.
        for (int i = 0; i < length; ++i) {
            buf[i] = (byte) name.charAt(i);
        }
        return ByteBuffer.wrap(buf);
    }

    @Override
    public String decode(final byte[] buffer) {
        final int length = buffer.length;
        final StringBuilder result = new StringBuilder(length);
        for (final byte b : buffer) {
            if (b == 0) {
                // Trailing null
                break;
            }
            // Allow for sign-extension
            result.append((char) (b & 0xFF));
        }
        return result.toString();
    }
};","<init>()
parseOctal(byte[], int, int) | public static
parseOctalOrBinary(byte[], int, int) | public static
parseBinaryLong(byte[], int, int, boolean) | private static
parseBinaryBigInteger(byte[], int, int, boolean) | private static
parseBoolean(byte[], int) | public static
exceptionMessage(byte[], int, int, int, byte) | private static
parseName(byte[], int, int) | public static
parseName(byte[], int, int, ZipEncoding) | public static | throws IOException
formatNameBytes(String, byte[], int, int) | public static
formatNameBytes(String, byte[], int, int, ZipEncoding) | public static | throws IOException
formatUnsignedOctalString(long, byte[], int, int) | public static
formatOctalBytes(long, byte[], int, int) | public static
formatLongOctalBytes(long, byte[], int, int) | public static
formatLongBinary(long, byte[], int, int, boolean) | private static
formatBigIntegerBinary(long, byte[], int, int, boolean) | private static
formatCheckSumOctalBytes(long, byte[], int, int) | public static
computeCheckSum(byte[]) | public static
verifyCheckSum(byte[]) | public static",public static
"org.apache.commons.compress.archivers.tar.TarUtils.formatNameBytes(java.lang.String,byte[],int,int)","int formatNameBytes(java.lang.String,byte[],int,int)","{
    byte[] buf;
    int length, offset;
    java.lang.String name;
    unknown $stack10, $stack11, $stack12, $stack6, $stack7, $stack8, $stack9, ex, ex2;


    name := @parameter0: java.lang.String;
    buf := @parameter1: byte[];
    offset := @parameter2: int;
    length := @parameter3: int;

  label1:
    $stack6 = <org.apache.commons.compress.archivers.tar.TarUtils: org.apache.commons.compress.archivers.zip.ZipEncoding DEFAULT_ENCODING>;
    $stack7 = staticinvoke <org.apache.commons.compress.archivers.tar.TarUtils: int formatNameBytes(java.lang.String,byte[],int,int,org.apache.commons.compress.archivers.zip.ZipEncoding)>(name, buf, offset, length, $stack6);

  label2:
    return $stack7;

  label3:
    $stack10 := @caughtexception;
    ex = $stack10;

  label4:
    $stack11 = <org.apache.commons.compress.archivers.tar.TarUtils: org.apache.commons.compress.archivers.zip.ZipEncoding FALLBACK_ENCODING>;
    $stack12 = staticinvoke <org.apache.commons.compress.archivers.tar.TarUtils: int formatNameBytes(java.lang.String,byte[],int,int,org.apache.commons.compress.archivers.zip.ZipEncoding)>(name, buf, offset, length, $stack11);

  label5:
    return $stack12;

  label6:
    $stack8 := @caughtexception;
    ex2 = $stack8;
    $stack9 = new java.lang.RuntimeException;
    specialinvoke $stack9.<java.lang.RuntimeException: void <init>(java.lang.Throwable)>(ex2);

    throw $stack9;

 catch java.io.IOException from label1 to label2 with label3;
 catch java.io.IOException from label4 to label5 with label6;
}
","/**
 * Copy a name into a buffer.
 * Copies characters from the name into the buffer
 * starting at the specified offset.
 * If the buffer is longer than the name, the buffer
 * is filled with trailing NULs.
 * If the name is longer than the buffer,
 * the output is truncated.
 *
 * @param name The header name from which to copy the characters.
 * @param buf The buffer where the name is to be stored.
 * @param offset The starting offset into the buffer
 * @param length The maximum number of header bytes to copy.
 * @return The updated offset, i.e. offset + length
 */
public static int formatNameBytes(final String name, final byte[] buf, final int offset, final int length) {
    try {
        return formatNameBytes(name, buf, offset, length, DEFAULT_ENCODING);
    } catch (final IOException ex) {
        try {
            return formatNameBytes(name, buf, offset, length, FALLBACK_ENCODING);
        } catch (final IOException ex2) {
            // impossible
            //NOSONAR
            throw new RuntimeException(ex2);
        }
    }
}","private static final int BYTE_MASK = 255;

static final ZipEncoding DEFAULT_ENCODING = ZipEncodingHelper.getZipEncoding(null);

/**
 * Encapsulates the algorithms used up to Commons Compress 1.3 as
 * ZipEncoding.
 */
static final ZipEncoding FALLBACK_ENCODING = new ZipEncoding() {

    @Override
    public boolean canEncode(final String name) {
        return true;
    }

    @Override
    public ByteBuffer encode(final String name) {
        final int length = name.length();
        final byte[] buf = new byte[length];
        // copy until end of input or output is reached.
        for (int i = 0; i < length; ++i) {
            buf[i] = (byte) name.charAt(i);
        }
        return ByteBuffer.wrap(buf);
    }

    @Override
    public String decode(final byte[] buffer) {
        final int length = buffer.length;
        final StringBuilder result = new StringBuilder(length);
        for (final byte b : buffer) {
            if (b == 0) {
                // Trailing null
                break;
            }
            // Allow for sign-extension
            result.append((char) (b & 0xFF));
        }
        return result.toString();
    }
};","<init>()
parseOctal(byte[], int, int) | public static
parseOctalOrBinary(byte[], int, int) | public static
parseBinaryLong(byte[], int, int, boolean) | private static
parseBinaryBigInteger(byte[], int, int, boolean) | private static
parseBoolean(byte[], int) | public static
exceptionMessage(byte[], int, int, int, byte) | private static
parseName(byte[], int, int) | public static
parseName(byte[], int, int, ZipEncoding) | public static | throws IOException
formatNameBytes(String, byte[], int, int, ZipEncoding) | public static | throws IOException
formatUnsignedOctalString(long, byte[], int, int) | public static
formatOctalBytes(long, byte[], int, int) | public static
formatLongOctalBytes(long, byte[], int, int) | public static
formatLongOctalOrBinaryBytes(long, byte[], int, int) | public static
formatLongBinary(long, byte[], int, int, boolean) | private static
formatBigIntegerBinary(long, byte[], int, int, boolean) | private static
formatCheckSumOctalBytes(long, byte[], int, int) | public static
computeCheckSum(byte[]) | public static
verifyCheckSum(byte[]) | public static",public static
"org.apache.commons.compress.archivers.tar.TarUtils.formatNameBytes(java.lang.String,byte[],int,int,org.apache.commons.compress.archivers.zip.ZipEncoding)","int formatNameBytes(java.lang.String,byte[],int,int,org.apache.commons.compress.archivers.zip.ZipEncoding)","{
    byte[] buf;
    int length, offset;
    java.lang.String name;
    org.apache.commons.compress.archivers.zip.ZipEncoding encoding;
    unknown $stack10, $stack11, $stack12, $stack13, $stack14, $stack15, $stack16, $stack9, b, i, len, limit;


    name := @parameter0: java.lang.String;
    buf := @parameter1: byte[];
    offset := @parameter2: int;
    length := @parameter3: int;
    encoding := @parameter4: org.apache.commons.compress.archivers.zip.ZipEncoding;
    len = virtualinvoke name.<java.lang.String: int length()>();
    b = interfaceinvoke encoding.<org.apache.commons.compress.archivers.zip.ZipEncoding: java.nio.ByteBuffer encode(java.lang.String)>(name);

  label1:
    $stack9 = virtualinvoke b.<java.nio.ByteBuffer: int limit()>();

    if $stack9 <= length goto label2;

    if len <= 0 goto label2;
    len = len + -1;
    $stack16 = virtualinvoke name.<java.lang.String: java.lang.String substring(int,int)>(0, len);
    b = interfaceinvoke encoding.<org.apache.commons.compress.archivers.zip.ZipEncoding: java.nio.ByteBuffer encode(java.lang.String)>($stack16);

    goto label1;

  label2:
    $stack10 = virtualinvoke b.<java.nio.ByteBuffer: int limit()>();
    $stack11 = virtualinvoke b.<java.nio.ByteBuffer: int position()>();
    limit = $stack10 - $stack11;
    $stack13 = virtualinvoke b.<java.nio.ByteBuffer: byte[] array()>();
    $stack12 = virtualinvoke b.<java.nio.ByteBuffer: int arrayOffset()>();
    staticinvoke <java.lang.System: void arraycopy(java.lang.Object,int,java.lang.Object,int,int)>($stack13, $stack12, buf, offset, limit);
    i = limit;

  label3:
    if i >= length goto label4;
    $stack15 = offset + i;
    buf[$stack15] = 0;
    i = i + 1;

    goto label3;

  label4:
    $stack14 = offset + length;

    return $stack14;
}
","/**
 * Copy a name into a buffer.
 * Copies characters from the name into the buffer
 * starting at the specified offset.
 * If the buffer is longer than the name, the buffer
 * is filled with trailing NULs.
 * If the name is longer than the buffer,
 * the output is truncated.
 *
 * @param name The header name from which to copy the characters.
 * @param buf The buffer where the name is to be stored.
 * @param offset The starting offset into the buffer
 * @param length The maximum number of header bytes to copy.
 * @param encoding name of the encoding to use for file names
 * @since 1.4
 * @return The updated offset, i.e. offset + length
 * @throws IOException on error
 */
public static int formatNameBytes(final String name, final byte[] buf, final int offset, final int length, final ZipEncoding encoding) throws IOException {
    int len = name.length();
    ByteBuffer b = encoding.encode(name);
    while (b.limit() > length && len > 0) {
        b = encoding.encode(name.substring(0, --len));
    }
    final int limit = b.limit() - b.position();
    System.arraycopy(b.array(), b.arrayOffset(), buf, offset, limit);
    // Pad any remaining output bytes with NUL
    for (int i = limit; i < length; ++i) {
        buf[offset + i] = 0;
    }
    return offset + length;
}","private static final int BYTE_MASK = 255;

static final ZipEncoding DEFAULT_ENCODING = ZipEncodingHelper.getZipEncoding(null);

/**
 * Encapsulates the algorithms used up to Commons Compress 1.3 as
 * ZipEncoding.
 */
static final ZipEncoding FALLBACK_ENCODING = new ZipEncoding() {

    @Override
    public boolean canEncode(final String name) {
        return true;
    }

    @Override
    public ByteBuffer encode(final String name) {
        final int length = name.length();
        final byte[] buf = new byte[length];
        // copy until end of input or output is reached.
        for (int i = 0; i < length; ++i) {
            buf[i] = (byte) name.charAt(i);
        }
        return ByteBuffer.wrap(buf);
    }

    @Override
    public String decode(final byte[] buffer) {
        final int length = buffer.length;
        final StringBuilder result = new StringBuilder(length);
        for (final byte b : buffer) {
            if (b == 0) {
                // Trailing null
                break;
            }
            // Allow for sign-extension
            result.append((char) (b & 0xFF));
        }
        return result.toString();
    }
};","<init>()
parseOctal(byte[], int, int) | public static
parseOctalOrBinary(byte[], int, int) | public static
parseBinaryLong(byte[], int, int, boolean) | private static
parseBinaryBigInteger(byte[], int, int, boolean) | private static
parseBoolean(byte[], int) | public static
exceptionMessage(byte[], int, int, int, byte) | private static
parseName(byte[], int, int) | public static
parseName(byte[], int, int, ZipEncoding) | public static | throws IOException
formatNameBytes(String, byte[], int, int) | public static
formatUnsignedOctalString(long, byte[], int, int) | public static
formatOctalBytes(long, byte[], int, int) | public static
formatLongOctalBytes(long, byte[], int, int) | public static
formatLongOctalOrBinaryBytes(long, byte[], int, int) | public static
formatLongBinary(long, byte[], int, int, boolean) | private static
formatBigIntegerBinary(long, byte[], int, int, boolean) | private static
formatCheckSumOctalBytes(long, byte[], int, int) | public static
computeCheckSum(byte[]) | public static
verifyCheckSum(byte[]) | public static",public static | throws IOException
"org.apache.commons.compress.archivers.tar.TarUtils.formatOctalBytes(long,byte[],int,int)","int formatOctalBytes(long,byte[],int,int)","{
    byte[] buf;
    int length, offset;
    long value;
    unknown $stack6, $stack7, $stack8, $stack9, idx;


    value := @parameter0: long;
    buf := @parameter1: byte[];
    offset := @parameter2: int;
    length := @parameter3: int;
    idx = length - 2;
    staticinvoke <org.apache.commons.compress.archivers.tar.TarUtils: void formatUnsignedOctalString(long,byte[],int,int)>(value, buf, offset, idx);
    $stack6 = idx;
    idx = idx + 1;
    $stack7 = offset + $stack6;
    buf[$stack7] = 32;
    $stack8 = offset + idx;
    buf[$stack8] = 0;
    $stack9 = offset + length;

    return $stack9;
}
","/**
 * Write an octal integer into a buffer.
 *
 * Uses {@link #formatUnsignedOctalString} to format
 * the value as an octal string with leading zeros.
 * The converted number is followed by space and NUL
 *
 * @param value The value to write
 * @param buf The buffer to receive the output
 * @param offset The starting offset into the buffer
 * @param length The size of the output buffer
 * @return The updated offset, i.e offset+length
 * @throws IllegalArgumentException if the value (and trailer) will not fit in the buffer
 */
public static int formatOctalBytes(final long value, final byte[] buf, final int offset, final int length) {
    // For space and trailing null
    int idx = length - 2;
    formatUnsignedOctalString(value, buf, offset, idx);
    // Trailing space
    buf[offset + idx++] = (byte) ' ';
    // Trailing null
    buf[offset + idx] = 0;
    return offset + length;
}","private static final int BYTE_MASK = 255;

static final ZipEncoding DEFAULT_ENCODING = ZipEncodingHelper.getZipEncoding(null);

/**
 * Encapsulates the algorithms used up to Commons Compress 1.3 as
 * ZipEncoding.
 */
static final ZipEncoding FALLBACK_ENCODING = new ZipEncoding() {

    @Override
    public boolean canEncode(final String name) {
        return true;
    }

    @Override
    public ByteBuffer encode(final String name) {
        final int length = name.length();
        final byte[] buf = new byte[length];
        // copy until end of input or output is reached.
        for (int i = 0; i < length; ++i) {
            buf[i] = (byte) name.charAt(i);
        }
        return ByteBuffer.wrap(buf);
    }

    @Override
    public String decode(final byte[] buffer) {
        final int length = buffer.length;
        final StringBuilder result = new StringBuilder(length);
        for (final byte b : buffer) {
            if (b == 0) {
                // Trailing null
                break;
            }
            // Allow for sign-extension
            result.append((char) (b & 0xFF));
        }
        return result.toString();
    }
};","<init>()
parseOctal(byte[], int, int) | public static
parseOctalOrBinary(byte[], int, int) | public static
parseBinaryLong(byte[], int, int, boolean) | private static
parseBinaryBigInteger(byte[], int, int, boolean) | private static
parseBoolean(byte[], int) | public static
exceptionMessage(byte[], int, int, int, byte) | private static
parseName(byte[], int, int) | public static
parseName(byte[], int, int, ZipEncoding) | public static | throws IOException
formatNameBytes(String, byte[], int, int) | public static
formatNameBytes(String, byte[], int, int, ZipEncoding) | public static | throws IOException
formatUnsignedOctalString(long, byte[], int, int) | public static
formatLongOctalBytes(long, byte[], int, int) | public static
formatLongOctalOrBinaryBytes(long, byte[], int, int) | public static
formatLongBinary(long, byte[], int, int, boolean) | private static
formatBigIntegerBinary(long, byte[], int, int, boolean) | private static
formatCheckSumOctalBytes(long, byte[], int, int) | public static
computeCheckSum(byte[]) | public static
verifyCheckSum(byte[]) | public static",public static
"org.apache.commons.compress.archivers.tar.TarUtils.formatUnsignedOctalString(long,byte[],int,int)","void formatUnsignedOctalString(long,byte[],int,int)","{
    byte[] buffer;
    int length, offset;
    long value;
    unknown $stack10, $stack11, $stack12, $stack13, $stack14, $stack15, $stack16, $stack17, $stack18, $stack19, $stack20, $stack21, $stack22, $stack23, $stack24, $stack25, $stack26, $stack27, $stack28, $stack8, $stack9, remaining, val;


    value := @parameter0: long;
    buffer := @parameter1: byte[];
    offset := @parameter2: int;
    length := @parameter3: int;
    remaining = length;
    remaining = remaining + -1;
    $stack8 = value cmp 0L;

    if $stack8 != 0 goto label1;
    $stack27 = remaining;
    remaining = remaining + -1;
    $stack28 = offset + $stack27;
    buffer[$stack28] = 48;

    goto label4;

  label1:
    val = value;

  label2:
    if remaining < 0 goto label3;
    $stack20 = val cmp 0L;

    if $stack20 == 0 goto label3;
    $stack25 = offset + remaining;
    $stack21 = val & 7L;
    $stack22 = (int) $stack21;
    $stack23 = (byte) $stack22;
    $stack24 = 48 + $stack23;
    $stack26 = (byte) $stack24;
    buffer[$stack25] = $stack26;
    val = val >>> 3;
    remaining = remaining + -1;

    goto label2;

  label3:
    $stack9 = val cmp 0L;

    if $stack9 == 0 goto label4;
    $stack19 = new java.lang.IllegalArgumentException;
    $stack11 = new java.lang.StringBuilder;
    specialinvoke $stack11.<java.lang.StringBuilder: void <init>()>();
    $stack12 = virtualinvoke $stack11.<java.lang.StringBuilder: java.lang.StringBuilder append(long)>(value);
    $stack14 = virtualinvoke $stack12.<java.lang.StringBuilder: java.lang.StringBuilder append(java.lang.String)>(""="");
    $stack13 = staticinvoke <java.lang.Long: java.lang.String toOctalString(long)>(value);
    $stack15 = virtualinvoke $stack14.<java.lang.StringBuilder: java.lang.StringBuilder append(java.lang.String)>($stack13);
    $stack16 = virtualinvoke $stack15.<java.lang.StringBuilder: java.lang.StringBuilder append(java.lang.String)>("" will not fit in octal number buffer of length "");
    $stack17 = virtualinvoke $stack16.<java.lang.StringBuilder: java.lang.StringBuilder append(int)>(length);
    $stack18 = virtualinvoke $stack17.<java.lang.StringBuilder: java.lang.String toString()>();
    specialinvoke $stack19.<java.lang.IllegalArgumentException: void <init>(java.lang.String)>($stack18);

    throw $stack19;

  label4:
    if remaining < 0 goto label5;
    $stack10 = offset + remaining;
    buffer[$stack10] = 48;
    remaining = remaining + -1;

    goto label4;

  label5:
    return;
}
","/**
 * Fill buffer with unsigned octal number, padded with leading zeroes.
 *
 * @param value number to convert to octal - treated as unsigned
 * @param buffer destination buffer
 * @param offset starting offset in buffer
 * @param length length of buffer to fill
 * @throws IllegalArgumentException if the value will not fit in the buffer
 */
public static void formatUnsignedOctalString(final long value, final byte[] buffer, final int offset, final int length) {
    int remaining = length;
    remaining--;
    if (value == 0) {
        buffer[offset + remaining--] = (byte) '0';
    } else {
        long val = value;
        for (; remaining >= 0 && val != 0; --remaining) {
            // CheckStyle:MagicNumber OFF
            buffer[offset + remaining] = (byte) ((byte) '0' + (byte) (val & 7));
            val = val >>> 3;
            // CheckStyle:MagicNumber ON
        }
        if (val != 0) {
            throw new IllegalArgumentException(value + ""="" + Long.toOctalString(value) + "" will not fit in octal number buffer of length "" + length);
        }
    }
    for (; remaining >= 0; --remaining) {
        // leading zeros
        buffer[offset + remaining] = (byte) '0';
    }
}","private static final int BYTE_MASK = 255;

static final ZipEncoding DEFAULT_ENCODING = ZipEncodingHelper.getZipEncoding(null);

/**
 * Encapsulates the algorithms used up to Commons Compress 1.3 as
 * ZipEncoding.
 */
static final ZipEncoding FALLBACK_ENCODING = new ZipEncoding() {

    @Override
    public boolean canEncode(final String name) {
        return true;
    }

    @Override
    public ByteBuffer encode(final String name) {
        final int length = name.length();
        final byte[] buf = new byte[length];
        // copy until end of input or output is reached.
        for (int i = 0; i < length; ++i) {
            buf[i] = (byte) name.charAt(i);
        }
        return ByteBuffer.wrap(buf);
    }

    @Override
    public String decode(final byte[] buffer) {
        final int length = buffer.length;
        final StringBuilder result = new StringBuilder(length);
        for (final byte b : buffer) {
            if (b == 0) {
                // Trailing null
                break;
            }
            // Allow for sign-extension
            result.append((char) (b & 0xFF));
        }
        return result.toString();
    }
};","<init>()
parseOctal(byte[], int, int) | public static
parseOctalOrBinary(byte[], int, int) | public static
parseBinaryLong(byte[], int, int, boolean) | private static
parseBinaryBigInteger(byte[], int, int, boolean) | private static
parseBoolean(byte[], int) | public static
exceptionMessage(byte[], int, int, int, byte) | private static
parseName(byte[], int, int) | public static
parseName(byte[], int, int, ZipEncoding) | public static | throws IOException
formatNameBytes(String, byte[], int, int) | public static
formatNameBytes(String, byte[], int, int, ZipEncoding) | public static | throws IOException
formatOctalBytes(long, byte[], int, int) | public static
formatLongOctalBytes(long, byte[], int, int) | public static
formatLongOctalOrBinaryBytes(long, byte[], int, int) | public static
formatLongBinary(long, byte[], int, int, boolean) | private static
formatBigIntegerBinary(long, byte[], int, int, boolean) | private static
formatCheckSumOctalBytes(long, byte[], int, int) | public static
computeCheckSum(byte[]) | public static
verifyCheckSum(byte[]) | public static",public static
"org.apache.commons.compress.archivers.tar.TarUtils.parseBinaryBigInteger(byte[],int,int,boolean)","long parseBinaryBigInteger(byte[],int,int,boolean)","{
    boolean negative;
    byte[] buffer;
    int length, offset;
    unknown $stack10, $stack11, $stack12, $stack13, $stack14, $stack15, $stack16, $stack17, $stack18, $stack19, $stack20, $stack21, $stack22, $stack6, $stack7, $stack8, $stack9, remainder, val;


    buffer := @parameter0: byte[];
    offset := @parameter1: int;
    length := @parameter2: int;
    negative := @parameter3: boolean;
    $stack6 = length - 1;
    remainder = newarray (byte)[$stack6];
    $stack8 = offset + 1;
    $stack7 = length - 1;
    staticinvoke <java.lang.System: void arraycopy(java.lang.Object,int,java.lang.Object,int,int)>(buffer, $stack8, remainder, 0, $stack7);
    $stack9 = new java.math.BigInteger;
    specialinvoke $stack9.<java.math.BigInteger: void <init>(byte[])>(remainder);
    val = $stack9;

    if negative == 0 goto label1;
    $stack21 = staticinvoke <java.math.BigInteger: java.math.BigInteger valueOf(long)>(-1L);
    $stack22 = virtualinvoke val.<java.math.BigInteger: java.math.BigInteger add(java.math.BigInteger)>($stack21);
    val = virtualinvoke $stack22.<java.math.BigInteger: java.math.BigInteger not()>();

  label1:
    $stack10 = virtualinvoke val.<java.math.BigInteger: int bitLength()>();

    if $stack10 <= 63 goto label2;
    $stack20 = new java.lang.IllegalArgumentException;
    $stack13 = new java.lang.StringBuilder;
    specialinvoke $stack13.<java.lang.StringBuilder: void <init>()>();
    $stack14 = virtualinvoke $stack13.<java.lang.StringBuilder: java.lang.StringBuilder append(java.lang.String)>(""At offset "");
    $stack15 = virtualinvoke $stack14.<java.lang.StringBuilder: java.lang.StringBuilder append(int)>(offset);
    $stack16 = virtualinvoke $stack15.<java.lang.StringBuilder: java.lang.StringBuilder append(java.lang.String)>("", "");
    $stack17 = virtualinvoke $stack16.<java.lang.StringBuilder: java.lang.StringBuilder append(int)>(length);
    $stack18 = virtualinvoke $stack17.<java.lang.StringBuilder: java.lang.StringBuilder append(java.lang.String)>("" byte binary number exceeds maximum signed long value"");
    $stack19 = virtualinvoke $stack18.<java.lang.StringBuilder: java.lang.String toString()>();
    specialinvoke $stack20.<java.lang.IllegalArgumentException: void <init>(java.lang.String)>($stack19);

    throw $stack20;

  label2:
    if negative == 0 goto label3;
    $stack12 = virtualinvoke val.<java.math.BigInteger: long longValue()>();
    $stack11 = neg $stack12;

    goto label4;

  label3:
    $stack11 = virtualinvoke val.<java.math.BigInteger: long longValue()>();

  label4:
    return $stack11;
}
","private static long parseBinaryBigInteger(final byte[] buffer, final int offset, final int length, final boolean negative) {
    final byte[] remainder = new byte[length - 1];
    System.arraycopy(buffer, offset + 1, remainder, 0, length - 1);
    BigInteger val = new BigInteger(remainder);
    if (negative) {
        // 2's complement
        val = val.add(BigInteger.valueOf(-1)).not();
    }
    if (val.bitLength() > 63) {
        throw new IllegalArgumentException(""At offset "" + offset + "", "" + length + "" byte binary number"" + "" exceeds maximum signed long"" + "" value"");
    }
    return negative ? -val.longValue() : val.longValue();
}","private static final int BYTE_MASK = 255;

static final ZipEncoding DEFAULT_ENCODING = ZipEncodingHelper.getZipEncoding(null);

/**
 * Encapsulates the algorithms used up to Commons Compress 1.3 as
 * ZipEncoding.
 */
static final ZipEncoding FALLBACK_ENCODING = new ZipEncoding() {

    @Override
    public boolean canEncode(final String name) {
        return true;
    }

    @Override
    public ByteBuffer encode(final String name) {
        final int length = name.length();
        final byte[] buf = new byte[length];
        // copy until end of input or output is reached.
        for (int i = 0; i < length; ++i) {
            buf[i] = (byte) name.charAt(i);
        }
        return ByteBuffer.wrap(buf);
    }

    @Override
    public String decode(final byte[] buffer) {
        final int length = buffer.length;
        final StringBuilder result = new StringBuilder(length);
        for (final byte b : buffer) {
            if (b == 0) {
                // Trailing null
                break;
            }
            // Allow for sign-extension
            result.append((char) (b & 0xFF));
        }
        return result.toString();
    }
};","<init>()
parseOctal(byte[], int, int) | public static
parseOctalOrBinary(byte[], int, int) | public static
parseBinaryLong(byte[], int, int, boolean) | private static
parseBoolean(byte[], int) | public static
exceptionMessage(byte[], int, int, int, byte) | private static
parseName(byte[], int, int) | public static
parseName(byte[], int, int, ZipEncoding) | public static | throws IOException
formatNameBytes(String, byte[], int, int) | public static
formatNameBytes(String, byte[], int, int, ZipEncoding) | public static | throws IOException
formatUnsignedOctalString(long, byte[], int, int) | public static
formatOctalBytes(long, byte[], int, int) | public static
formatLongOctalBytes(long, byte[], int, int) | public static
formatLongOctalOrBinaryBytes(long, byte[], int, int) | public static
formatLongBinary(long, byte[], int, int, boolean) | private static
formatBigIntegerBinary(long, byte[], int, int, boolean) | private static
formatCheckSumOctalBytes(long, byte[], int, int) | public static
computeCheckSum(byte[]) | public static
verifyCheckSum(byte[]) | public static",private static
"org.apache.commons.compress.archivers.tar.TarUtils.parseBinaryLong(byte[],int,int,boolean)","long parseBinaryLong(byte[],int,int,boolean)","{
    boolean negative;
    byte[] buffer;
    int length, offset;
    unknown $stack10, $stack11, $stack12, $stack13, $stack14, $stack15, $stack16, $stack17, $stack18, $stack19, $stack20, $stack21, $stack22, $stack23, $stack24, $stack25, $stack26, $stack7, $stack8, $stack9, i, val;


    buffer := @parameter0: byte[];
    offset := @parameter1: int;
    length := @parameter2: int;
    negative := @parameter3: boolean;

    if length < 9 goto label1;
    $stack26 = new java.lang.IllegalArgumentException;
    $stack19 = new java.lang.StringBuilder;
    specialinvoke $stack19.<java.lang.StringBuilder: void <init>()>();
    $stack20 = virtualinvoke $stack19.<java.lang.StringBuilder: java.lang.StringBuilder append(java.lang.String)>(""At offset "");
    $stack21 = virtualinvoke $stack20.<java.lang.StringBuilder: java.lang.StringBuilder append(int)>(offset);
    $stack22 = virtualinvoke $stack21.<java.lang.StringBuilder: java.lang.StringBuilder append(java.lang.String)>("", "");
    $stack23 = virtualinvoke $stack22.<java.lang.StringBuilder: java.lang.StringBuilder append(int)>(length);
    $stack24 = virtualinvoke $stack23.<java.lang.StringBuilder: java.lang.StringBuilder append(java.lang.String)>("" byte binary number exceeds maximum signed long value"");
    $stack25 = virtualinvoke $stack24.<java.lang.StringBuilder: java.lang.String toString()>();
    specialinvoke $stack26.<java.lang.IllegalArgumentException: void <init>(java.lang.String)>($stack25);

    throw $stack26;

  label1:
    val = 0L;
    i = 1;

  label2:
    if i >= length goto label3;
    $stack17 = val << 8;
    $stack14 = offset + i;
    $stack15 = buffer[$stack14];
    $stack16 = $stack15 & 255;
    $stack18 = (long) $stack16;
    val = $stack17 + $stack18;
    i = i + 1;

    goto label2;

  label3:
    if negative == 0 goto label4;
    val = val - 1L;
    $stack8 = length - 1;
    $stack9 = (double) $stack8;
    $stack10 = $stack9 * 8.0;
    $stack11 = staticinvoke <java.lang.Math: double pow(double,double)>(2.0, $stack10);
    $stack12 = (long) $stack11;
    $stack13 = $stack12 - 1L;
    val = val ^ $stack13;

  label4:
    if negative == 0 goto label5;
    $stack7 = neg val;

    goto label6;

  label5:
    $stack7 = val;

  label6:
    return $stack7;
}
","private static long parseBinaryLong(final byte[] buffer, final int offset, final int length, final boolean negative) {
    if (length >= 9) {
        throw new IllegalArgumentException(""At offset "" + offset + "", "" + length + "" byte binary number"" + "" exceeds maximum signed long"" + "" value"");
    }
    long val = 0;
    for (int i = 1; i < length; i++) {
        val = (val << 8) + (buffer[offset + i] & 0xff);
    }
    if (negative) {
        // 2's complement
        val--;
        val ^= (long) Math.pow(2.0, (length - 1) * 8.0) - 1;
    }
    return negative ? -val : val;
}","private static final int BYTE_MASK = 255;

static final ZipEncoding DEFAULT_ENCODING = ZipEncodingHelper.getZipEncoding(null);

/**
 * Encapsulates the algorithms used up to Commons Compress 1.3 as
 * ZipEncoding.
 */
static final ZipEncoding FALLBACK_ENCODING = new ZipEncoding() {

    @Override
    public boolean canEncode(final String name) {
        return true;
    }

    @Override
    public ByteBuffer encode(final String name) {
        final int length = name.length();
        final byte[] buf = new byte[length];
        // copy until end of input or output is reached.
        for (int i = 0; i < length; ++i) {
            buf[i] = (byte) name.charAt(i);
        }
        return ByteBuffer.wrap(buf);
    }

    @Override
    public String decode(final byte[] buffer) {
        final int length = buffer.length;
        final StringBuilder result = new StringBuilder(length);
        for (final byte b : buffer) {
            if (b == 0) {
                // Trailing null
                break;
            }
            // Allow for sign-extension
            result.append((char) (b & 0xFF));
        }
        return result.toString();
    }
};","<init>()
parseOctal(byte[], int, int) | public static
parseOctalOrBinary(byte[], int, int) | public static
parseBinaryBigInteger(byte[], int, int, boolean) | private static
parseBoolean(byte[], int) | public static
exceptionMessage(byte[], int, int, int, byte) | private static
parseName(byte[], int, int) | public static
parseName(byte[], int, int, ZipEncoding) | public static | throws IOException
formatNameBytes(String, byte[], int, int) | public static
formatNameBytes(String, byte[], int, int, ZipEncoding) | public static | throws IOException
formatUnsignedOctalString(long, byte[], int, int) | public static
formatOctalBytes(long, byte[], int, int) | public static
formatLongOctalBytes(long, byte[], int, int) | public static
formatLongOctalOrBinaryBytes(long, byte[], int, int) | public static
formatLongBinary(long, byte[], int, int, boolean) | private static
formatBigIntegerBinary(long, byte[], int, int, boolean) | private static
formatCheckSumOctalBytes(long, byte[], int, int) | public static
computeCheckSum(byte[]) | public static
verifyCheckSum(byte[]) | public static",private static
"org.apache.commons.compress.archivers.tar.TarUtils.parseBoolean(byte[],int)","boolean parseBoolean(byte[],int)","{
    byte[] buffer;
    int offset;
    unknown $stack2, $stack3;


    buffer := @parameter0: byte[];
    offset := @parameter1: int;
    $stack2 = buffer[offset];

    if $stack2 != 1 goto label1;
    $stack3 = 1;

    goto label2;

  label1:
    $stack3 = 0;

  label2:
    return $stack3;
}
","/**
 * Parse a boolean byte from a buffer.
 * Leading spaces and NUL are ignored.
 * The buffer may contain trailing spaces or NULs.
 *
 * @param buffer The buffer from which to parse.
 * @param offset The offset into the buffer from which to parse.
 * @return The boolean value of the bytes.
 * @throws IllegalArgumentException if an invalid byte is detected.
 */
public static boolean parseBoolean(final byte[] buffer, final int offset) {
    return buffer[offset] == 1;
}","private static final int BYTE_MASK = 255;

static final ZipEncoding DEFAULT_ENCODING = ZipEncodingHelper.getZipEncoding(null);

/**
 * Encapsulates the algorithms used up to Commons Compress 1.3 as
 * ZipEncoding.
 */
static final ZipEncoding FALLBACK_ENCODING = new ZipEncoding() {

    @Override
    public boolean canEncode(final String name) {
        return true;
    }

    @Override
    public ByteBuffer encode(final String name) {
        final int length = name.length();
        final byte[] buf = new byte[length];
        // copy until end of input or output is reached.
        for (int i = 0; i < length; ++i) {
            buf[i] = (byte) name.charAt(i);
        }
        return ByteBuffer.wrap(buf);
    }

    @Override
    public String decode(final byte[] buffer) {
        final int length = buffer.length;
        final StringBuilder result = new StringBuilder(length);
        for (final byte b : buffer) {
            if (b == 0) {
                // Trailing null
                break;
            }
            // Allow for sign-extension
            result.append((char) (b & 0xFF));
        }
        return result.toString();
    }
};","<init>()
parseOctal(byte[], int, int) | public static
parseOctalOrBinary(byte[], int, int) | public static
parseBinaryLong(byte[], int, int, boolean) | private static
parseBinaryBigInteger(byte[], int, int, boolean) | private static
exceptionMessage(byte[], int, int, int, byte) | private static
parseName(byte[], int, int) | public static
parseName(byte[], int, int, ZipEncoding) | public static | throws IOException
formatNameBytes(String, byte[], int, int) | public static
formatNameBytes(String, byte[], int, int, ZipEncoding) | public static | throws IOException
formatUnsignedOctalString(long, byte[], int, int) | public static
formatOctalBytes(long, byte[], int, int) | public static
formatLongOctalBytes(long, byte[], int, int) | public static
formatLongOctalOrBinaryBytes(long, byte[], int, int) | public static
formatLongBinary(long, byte[], int, int, boolean) | private static
formatBigIntegerBinary(long, byte[], int, int, boolean) | private static
formatCheckSumOctalBytes(long, byte[], int, int) | public static
computeCheckSum(byte[]) | public static
verifyCheckSum(byte[]) | public static",public static
"org.apache.commons.compress.archivers.tar.TarUtils.parseName(byte[],int,int)","java.lang.String parseName(byte[],int,int)","{
    byte[] buffer;
    int length, offset;
    unknown $stack10, $stack11, $stack5, $stack6, $stack7, $stack8, $stack9, ex, ex2;


    buffer := @parameter0: byte[];
    offset := @parameter1: int;
    length := @parameter2: int;

  label1:
    $stack5 = <org.apache.commons.compress.archivers.tar.TarUtils: org.apache.commons.compress.archivers.zip.ZipEncoding DEFAULT_ENCODING>;
    $stack6 = staticinvoke <org.apache.commons.compress.archivers.tar.TarUtils: java.lang.String parseName(byte[],int,int,org.apache.commons.compress.archivers.zip.ZipEncoding)>(buffer, offset, length, $stack5);

  label2:
    return $stack6;

  label3:
    $stack9 := @caughtexception;
    ex = $stack9;

  label4:
    $stack10 = <org.apache.commons.compress.archivers.tar.TarUtils: org.apache.commons.compress.archivers.zip.ZipEncoding FALLBACK_ENCODING>;
    $stack11 = staticinvoke <org.apache.commons.compress.archivers.tar.TarUtils: java.lang.String parseName(byte[],int,int,org.apache.commons.compress.archivers.zip.ZipEncoding)>(buffer, offset, length, $stack10);

  label5:
    return $stack11;

  label6:
    $stack7 := @caughtexception;
    ex2 = $stack7;
    $stack8 = new java.lang.RuntimeException;
    specialinvoke $stack8.<java.lang.RuntimeException: void <init>(java.lang.Throwable)>(ex2);

    throw $stack8;

 catch java.io.IOException from label1 to label2 with label3;
 catch java.io.IOException from label4 to label5 with label6;
}
","/**
 * Parse an entry name from a buffer.
 * Parsing stops when a NUL is found
 * or the buffer length is reached.
 *
 * @param buffer The buffer from which to parse.
 * @param offset The offset into the buffer from which to parse.
 * @param length The maximum number of bytes to parse.
 * @return The entry name.
 */
public static String parseName(final byte[] buffer, final int offset, final int length) {
    try {
        return parseName(buffer, offset, length, DEFAULT_ENCODING);
    } catch (final IOException ex) {
        try {
            return parseName(buffer, offset, length, FALLBACK_ENCODING);
        } catch (final IOException ex2) {
            // impossible
            //NOSONAR
            throw new RuntimeException(ex2);
        }
    }
}","private static final int BYTE_MASK = 255;

static final ZipEncoding DEFAULT_ENCODING = ZipEncodingHelper.getZipEncoding(null);

/**
 * Encapsulates the algorithms used up to Commons Compress 1.3 as
 * ZipEncoding.
 */
static final ZipEncoding FALLBACK_ENCODING = new ZipEncoding() {

    @Override
    public boolean canEncode(final String name) {
        return true;
    }

    @Override
    public ByteBuffer encode(final String name) {
        final int length = name.length();
        final byte[] buf = new byte[length];
        // copy until end of input or output is reached.
        for (int i = 0; i < length; ++i) {
            buf[i] = (byte) name.charAt(i);
        }
        return ByteBuffer.wrap(buf);
    }

    @Override
    public String decode(final byte[] buffer) {
        final int length = buffer.length;
        final StringBuilder result = new StringBuilder(length);
        for (final byte b : buffer) {
            if (b == 0) {
                // Trailing null
                break;
            }
            // Allow for sign-extension
            result.append((char) (b & 0xFF));
        }
        return result.toString();
    }
};","<init>()
parseOctal(byte[], int, int) | public static
parseOctalOrBinary(byte[], int, int) | public static
parseBinaryLong(byte[], int, int, boolean) | private static
parseBinaryBigInteger(byte[], int, int, boolean) | private static
parseBoolean(byte[], int) | public static
exceptionMessage(byte[], int, int, int, byte) | private static
parseName(byte[], int, int, ZipEncoding) | public static | throws IOException
formatNameBytes(String, byte[], int, int) | public static
formatNameBytes(String, byte[], int, int, ZipEncoding) | public static | throws IOException
formatUnsignedOctalString(long, byte[], int, int) | public static
formatOctalBytes(long, byte[], int, int) | public static
formatLongOctalBytes(long, byte[], int, int) | public static
formatLongOctalOrBinaryBytes(long, byte[], int, int) | public static
formatLongBinary(long, byte[], int, int, boolean) | private static
formatBigIntegerBinary(long, byte[], int, int, boolean) | private static
formatCheckSumOctalBytes(long, byte[], int, int) | public static
computeCheckSum(byte[]) | public static
verifyCheckSum(byte[]) | public static",public static
"org.apache.commons.compress.archivers.tar.TarUtils.parseName(byte[],int,int,org.apache.commons.compress.archivers.zip.ZipEncoding)","java.lang.String parseName(byte[],int,int,org.apache.commons.compress.archivers.zip.ZipEncoding)","{
    byte[] buffer;
    int length, offset;
    org.apache.commons.compress.archivers.zip.ZipEncoding encoding;
    unknown $stack6, $stack7, $stack8, $stack9, b, len;


    buffer := @parameter0: byte[];
    offset := @parameter1: int;
    length := @parameter2: int;
    encoding := @parameter3: org.apache.commons.compress.archivers.zip.ZipEncoding;
    len = length;

  label1:
    if len <= 0 goto label3;
    $stack7 = offset + len;
    $stack8 = $stack7 - 1;
    $stack9 = buffer[$stack8];

    if $stack9 == 0 goto label2;

    goto label3;

  label2:
    len = len + -1;

    goto label1;

  label3:
    if len <= 0 goto label4;
    b = newarray (byte)[len];
    staticinvoke <java.lang.System: void arraycopy(java.lang.Object,int,java.lang.Object,int,int)>(buffer, offset, b, 0, len);
    $stack6 = interfaceinvoke encoding.<org.apache.commons.compress.archivers.zip.ZipEncoding: java.lang.String decode(byte[])>(b);

    return $stack6;

  label4:
    return """";
}
","/**
 * Parse an entry name from a buffer.
 * Parsing stops when a NUL is found
 * or the buffer length is reached.
 *
 * @param buffer The buffer from which to parse.
 * @param offset The offset into the buffer from which to parse.
 * @param length The maximum number of bytes to parse.
 * @param encoding name of the encoding to use for file names
 * @since 1.4
 * @return The entry name.
 * @throws IOException on error
 */
public static String parseName(final byte[] buffer, final int offset, final int length, final ZipEncoding encoding) throws IOException {
    int len = length;
    for (; len > 0; len--) {
        if (buffer[offset + len - 1] != 0) {
            break;
        }
    }
    if (len > 0) {
        final byte[] b = new byte[len];
        System.arraycopy(buffer, offset, b, 0, len);
        return encoding.decode(b);
    }
    return """";
}","private static final int BYTE_MASK = 255;

static final ZipEncoding DEFAULT_ENCODING = ZipEncodingHelper.getZipEncoding(null);

/**
 * Encapsulates the algorithms used up to Commons Compress 1.3 as
 * ZipEncoding.
 */
static final ZipEncoding FALLBACK_ENCODING = new ZipEncoding() {

    @Override
    public boolean canEncode(final String name) {
        return true;
    }

    @Override
    public ByteBuffer encode(final String name) {
        final int length = name.length();
        final byte[] buf = new byte[length];
        // copy until end of input or output is reached.
        for (int i = 0; i < length; ++i) {
            buf[i] = (byte) name.charAt(i);
        }
        return ByteBuffer.wrap(buf);
    }

    @Override
    public String decode(final byte[] buffer) {
        final int length = buffer.length;
        final StringBuilder result = new StringBuilder(length);
        for (final byte b : buffer) {
            if (b == 0) {
                // Trailing null
                break;
            }
            // Allow for sign-extension
            result.append((char) (b & 0xFF));
        }
        return result.toString();
    }
};","<init>()
parseOctal(byte[], int, int) | public static
parseOctalOrBinary(byte[], int, int) | public static
parseBinaryLong(byte[], int, int, boolean) | private static
parseBinaryBigInteger(byte[], int, int, boolean) | private static
parseBoolean(byte[], int) | public static
exceptionMessage(byte[], int, int, int, byte) | private static
parseName(byte[], int, int) | public static
formatNameBytes(String, byte[], int, int) | public static
formatNameBytes(String, byte[], int, int, ZipEncoding) | public static | throws IOException
formatUnsignedOctalString(long, byte[], int, int) | public static
formatOctalBytes(long, byte[], int, int) | public static
formatLongOctalBytes(long, byte[], int, int) | public static
formatLongOctalOrBinaryBytes(long, byte[], int, int) | public static
formatLongBinary(long, byte[], int, int, boolean) | private static
formatBigIntegerBinary(long, byte[], int, int, boolean) | private static
formatCheckSumOctalBytes(long, byte[], int, int) | public static
computeCheckSum(byte[]) | public static
verifyCheckSum(byte[]) | public static",public static | throws IOException
"org.apache.commons.compress.archivers.tar.TarUtils.parseOctal(byte[],int,int)","long parseOctal(byte[],int,int)","{
    byte[] buffer;
    int length, offset;
    unknown $stack10, $stack11, $stack12, $stack13, $stack14, $stack15, $stack16, $stack17, $stack18, $stack19, $stack20, $stack21, $stack22, $stack23, $stack9, currentByte, end, result, start, trailer;


    buffer := @parameter0: byte[];
    offset := @parameter1: int;
    length := @parameter2: int;
    result = 0L;
    end = offset + length;
    start = offset;

    if length >= 2 goto label1;
    $stack23 = new java.lang.IllegalArgumentException;
    $stack18 = new java.lang.StringBuilder;
    specialinvoke $stack18.<java.lang.StringBuilder: void <init>()>();
    $stack19 = virtualinvoke $stack18.<java.lang.StringBuilder: java.lang.StringBuilder append(java.lang.String)>(""Length "");
    $stack20 = virtualinvoke $stack19.<java.lang.StringBuilder: java.lang.StringBuilder append(int)>(length);
    $stack21 = virtualinvoke $stack20.<java.lang.StringBuilder: java.lang.StringBuilder append(java.lang.String)>("" must be at least 2"");
    $stack22 = virtualinvoke $stack21.<java.lang.StringBuilder: java.lang.String toString()>();
    specialinvoke $stack23.<java.lang.IllegalArgumentException: void <init>(java.lang.String)>($stack22);

    throw $stack23;

  label1:
    $stack9 = buffer[start];

    if $stack9 != 0 goto label2;

    return 0L;

  label2:
    if start >= end goto label3;
    $stack17 = buffer[start];

    if $stack17 != 32 goto label3;
    start = start + 1;

    goto label2;

  label3:
    $stack10 = end - 1;
    trailer = buffer[$stack10];

  label4:
    if start >= end goto label6;

    if trailer == 0 goto label5;

    if trailer != 32 goto label6;

  label5:
    end = end + -1;
    $stack16 = end - 1;
    trailer = buffer[$stack16];

    goto label4;

  label6:
    if start >= end goto label9;
    currentByte = buffer[start];

    if currentByte < 48 goto label7;

    if currentByte <= 55 goto label8;

  label7:
    $stack12 = new java.lang.IllegalArgumentException;
    $stack11 = staticinvoke <org.apache.commons.compress.archivers.tar.TarUtils: java.lang.String exceptionMessage(byte[],int,int,int,byte)>(buffer, offset, length, start, currentByte);
    specialinvoke $stack12.<java.lang.IllegalArgumentException: void <init>(java.lang.String)>($stack11);

    throw $stack12;

  label8:
    $stack14 = result << 3;
    $stack13 = currentByte - 48;
    $stack15 = (long) $stack13;
    result = $stack14 + $stack15;
    start = start + 1;

    goto label6;

  label9:
    return result;
}
","/**
 * Parse an octal string from a buffer.
 *
 * <p>Leading spaces are ignored.
 * The buffer must contain a trailing space or NUL,
 * and may contain an additional trailing space or NUL.</p>
 *
 * <p>The input buffer is allowed to contain all NULs,
 * in which case the method returns 0L
 * (this allows for missing fields).</p>
 *
 * <p>To work-around some tar implementations that insert a
 * leading NUL this method returns 0 if it detects a leading NUL
 * since Commons Compress 1.4.</p>
 *
 * @param buffer The buffer from which to parse.
 * @param offset The offset into the buffer from which to parse.
 * @param length The maximum number of bytes to parse - must be at least 2 bytes.
 * @return The long value of the octal string.
 * @throws IllegalArgumentException if the trailing space/NUL is missing or if a invalid byte is detected.
 */
public static long parseOctal(final byte[] buffer, final int offset, final int length) {
    long result = 0;
    int end = offset + length;
    int start = offset;
    if (length < 2) {
        throw new IllegalArgumentException(""Length "" + length + "" must be at least 2"");
    }
    if (buffer[start] == 0) {
        return 0L;
    }
    // Skip leading spaces
    while (start < end) {
        if (buffer[start] == ' ') {
            start++;
        } else {
            break;
        }
    }
    // Trim all trailing NULs and spaces.
    // The ustar and POSIX tar specs require a trailing NUL or
    // space but some implementations use the extra digit for big
    // sizes/uids/gids ...
    byte trailer = buffer[end - 1];
    while (start < end && (trailer == 0 || trailer == ' ')) {
        end--;
        trailer = buffer[end - 1];
    }
    for (; start < end; start++) {
        final byte currentByte = buffer[start];
        // CheckStyle:MagicNumber OFF
        if (currentByte < '0' || currentByte > '7') {
            throw new IllegalArgumentException(exceptionMessage(buffer, offset, length, start, currentByte));
        }
        // convert from ASCII
        result = (result << 3) + (currentByte - '0');
        // CheckStyle:MagicNumber ON
    }
    return result;
}","private static final int BYTE_MASK = 255;

static final ZipEncoding DEFAULT_ENCODING = ZipEncodingHelper.getZipEncoding(null);

/**
 * Encapsulates the algorithms used up to Commons Compress 1.3 as
 * ZipEncoding.
 */
static final ZipEncoding FALLBACK_ENCODING = new ZipEncoding() {

    @Override
    public boolean canEncode(final String name) {
        return true;
    }

    @Override
    public ByteBuffer encode(final String name) {
        final int length = name.length();
        final byte[] buf = new byte[length];
        // copy until end of input or output is reached.
        for (int i = 0; i < length; ++i) {
            buf[i] = (byte) name.charAt(i);
        }
        return ByteBuffer.wrap(buf);
    }

    @Override
    public String decode(final byte[] buffer) {
        final int length = buffer.length;
        final StringBuilder result = new StringBuilder(length);
        for (final byte b : buffer) {
            if (b == 0) {
                // Trailing null
                break;
            }
            // Allow for sign-extension
            result.append((char) (b & 0xFF));
        }
        return result.toString();
    }
};","<init>()
parseOctalOrBinary(byte[], int, int) | public static
parseBinaryLong(byte[], int, int, boolean) | private static
parseBinaryBigInteger(byte[], int, int, boolean) | private static
parseBoolean(byte[], int) | public static
exceptionMessage(byte[], int, int, int, byte) | private static
parseName(byte[], int, int) | public static
parseName(byte[], int, int, ZipEncoding) | public static | throws IOException
formatNameBytes(String, byte[], int, int) | public static
formatNameBytes(String, byte[], int, int, ZipEncoding) | public static | throws IOException
formatUnsignedOctalString(long, byte[], int, int) | public static
formatOctalBytes(long, byte[], int, int) | public static
formatLongOctalBytes(long, byte[], int, int) | public static
formatLongOctalOrBinaryBytes(long, byte[], int, int) | public static
formatLongBinary(long, byte[], int, int, boolean) | private static
formatBigIntegerBinary(long, byte[], int, int, boolean) | private static
formatCheckSumOctalBytes(long, byte[], int, int) | public static
computeCheckSum(byte[]) | public static
verifyCheckSum(byte[]) | public static",public static
"org.apache.commons.compress.archivers.tar.TarUtils.parseOctalOrBinary(byte[],int,int)","long parseOctalOrBinary(byte[],int,int)","{
    byte[] buffer;
    int length, offset;
    unknown $stack4, $stack5, $stack6, $stack7, $stack8, $stack9, negative;


    buffer := @parameter0: byte[];
    offset := @parameter1: int;
    length := @parameter2: int;
    $stack4 = buffer[offset];
    $stack5 = $stack4 & 128;

    if $stack5 != 0 goto label1;
    $stack9 = staticinvoke <org.apache.commons.compress.archivers.tar.TarUtils: long parseOctal(byte[],int,int)>(buffer, offset, length);

    return $stack9;

  label1:
    $stack6 = buffer[offset];

    if $stack6 != -1 goto label2;
    negative = 1;

    goto label3;

  label2:
    negative = 0;

  label3:
    if length >= 9 goto label4;
    $stack8 = staticinvoke <org.apache.commons.compress.archivers.tar.TarUtils: long parseBinaryLong(byte[],int,int,boolean)>(buffer, offset, length, negative);

    return $stack8;

  label4:
    $stack7 = staticinvoke <org.apache.commons.compress.archivers.tar.TarUtils: long parseBinaryBigInteger(byte[],int,int,boolean)>(buffer, offset, length, negative);

    return $stack7;
}
","/**
 * Compute the value contained in a byte buffer.  If the most
 * significant bit of the first byte in the buffer is set, this
 * bit is ignored and the rest of the buffer is interpreted as a
 * binary number.  Otherwise, the buffer is interpreted as an
 * octal number as per the parseOctal function above.
 *
 * @param buffer The buffer from which to parse.
 * @param offset The offset into the buffer from which to parse.
 * @param length The maximum number of bytes to parse.
 * @return The long value of the octal or binary string.
 * @throws IllegalArgumentException if the trailing space/NUL is
 * missing or an invalid byte is detected in an octal number, or
 * if a binary number would exceed the size of a signed long
 * 64-bit integer.
 * @since 1.4
 */
public static long parseOctalOrBinary(final byte[] buffer, final int offset, final int length) {
    if ((buffer[offset] & 0x80) == 0) {
        return parseOctal(buffer, offset, length);
    }
    final boolean negative = buffer[offset] == (byte) 0xff;
    if (length < 9) {
        return parseBinaryLong(buffer, offset, length, negative);
    }
    return parseBinaryBigInteger(buffer, offset, length, negative);
}","private static final int BYTE_MASK = 255;

static final ZipEncoding DEFAULT_ENCODING = ZipEncodingHelper.getZipEncoding(null);

/**
 * Encapsulates the algorithms used up to Commons Compress 1.3 as
 * ZipEncoding.
 */
static final ZipEncoding FALLBACK_ENCODING = new ZipEncoding() {

    @Override
    public boolean canEncode(final String name) {
        return true;
    }

    @Override
    public ByteBuffer encode(final String name) {
        final int length = name.length();
        final byte[] buf = new byte[length];
        // copy until end of input or output is reached.
        for (int i = 0; i < length; ++i) {
            buf[i] = (byte) name.charAt(i);
        }
        return ByteBuffer.wrap(buf);
    }

    @Override
    public String decode(final byte[] buffer) {
        final int length = buffer.length;
        final StringBuilder result = new StringBuilder(length);
        for (final byte b : buffer) {
            if (b == 0) {
                // Trailing null
                break;
            }
            // Allow for sign-extension
            result.append((char) (b & 0xFF));
        }
        return result.toString();
    }
};","<init>()
parseOctal(byte[], int, int) | public static
parseBinaryLong(byte[], int, int, boolean) | private static
parseBinaryBigInteger(byte[], int, int, boolean) | private static
parseBoolean(byte[], int) | public static
exceptionMessage(byte[], int, int, int, byte) | private static
parseName(byte[], int, int) | public static
parseName(byte[], int, int, ZipEncoding) | public static | throws IOException
formatNameBytes(String, byte[], int, int) | public static
formatNameBytes(String, byte[], int, int, ZipEncoding) | public static | throws IOException
formatUnsignedOctalString(long, byte[], int, int) | public static
formatOctalBytes(long, byte[], int, int) | public static
formatLongOctalBytes(long, byte[], int, int) | public static
formatLongOctalOrBinaryBytes(long, byte[], int, int) | public static
formatLongBinary(long, byte[], int, int, boolean) | private static
formatBigIntegerBinary(long, byte[], int, int, boolean) | private static
formatCheckSumOctalBytes(long, byte[], int, int) | public static
computeCheckSum(byte[]) | public static
verifyCheckSum(byte[]) | public static",public static
org.apache.commons.compress.archivers.tar.TarUtils.verifyCheckSum(byte[]),boolean verifyCheckSum(byte[]),"{
    byte[] header;
    unknown $stack10, $stack11, $stack12, $stack13, $stack14, $stack15, $stack9, b, i, signedSum, storedSum, unsignedSum;


    header := @parameter0: byte[];
    storedSum = staticinvoke <org.apache.commons.compress.archivers.tar.TarUtils: long parseOctal(byte[],int,int)>(header, 148, 8);
    unsignedSum = 0L;
    signedSum = 0L;
    i = 0;

  label1:
    $stack9 = lengthof header;

    if i >= $stack9 goto label3;
    b = header[i];

    if 148 > i goto label2;

    if i >= 156 goto label2;
    b = 32;

  label2:
    $stack13 = 255 & b;
    $stack14 = (long) $stack13;
    unsignedSum = unsignedSum + $stack14;
    $stack15 = (long) b;
    signedSum = signedSum + $stack15;
    i = i + 1;

    goto label1;

  label3:
    $stack10 = storedSum cmp unsignedSum;

    if $stack10 == 0 goto label4;
    $stack11 = storedSum cmp signedSum;

    if $stack11 != 0 goto label5;

  label4:
    $stack12 = 1;

    goto label6;

  label5:
    $stack12 = 0;

  label6:
    return $stack12;
}
","/**
 * Wikipedia <a href=""http://en.wikipedia.org/wiki/Tar_(file_format)#File_header"">says</a>:
 * <blockquote>
 * The checksum is calculated by taking the sum of the unsigned byte values
 * of the header block with the eight checksum bytes taken to be ascii
 * spaces (decimal value 32). It is stored as a six digit octal number with
 * leading zeroes followed by a NUL and then a space. Various
 * implementations do not adhere to this format. For better compatibility,
 * ignore leading and trailing whitespace, and get the first six digits. In
 * addition, some historic tar implementations treated bytes as signed.
 * Implementations typically calculate the checksum both ways, and treat it
 * as good if either the signed or unsigned sum matches the included
 * checksum.
 * </blockquote>
 * <p>
 * The return value of this method should be treated as a best-effort
 * heuristic rather than an absolute and final truth. The checksum
 * verification logic may well evolve over time as more special cases
 * are encountered.
 *
 * @param header tar header
 * @return whether the checksum is reasonably good
 * @see <a href=""https://issues.apache.org/jira/browse/COMPRESS-191"">COMPRESS-191</a>
 * @since 1.5
 */
public static boolean verifyCheckSum(final byte[] header) {
    final long storedSum = parseOctal(header, CHKSUM_OFFSET, CHKSUMLEN);
    long unsignedSum = 0;
    long signedSum = 0;
    for (int i = 0; i < header.length; i++) {
        byte b = header[i];
        if (CHKSUM_OFFSET <= i && i < CHKSUM_OFFSET + CHKSUMLEN) {
            b = ' ';
        }
        unsignedSum += 0xff & b;
        signedSum += b;
    }
    return storedSum == unsignedSum || storedSum == signedSum;
}","private static final int BYTE_MASK = 255;

static final ZipEncoding DEFAULT_ENCODING = ZipEncodingHelper.getZipEncoding(null);

/**
 * Encapsulates the algorithms used up to Commons Compress 1.3 as
 * ZipEncoding.
 */
static final ZipEncoding FALLBACK_ENCODING = new ZipEncoding() {

    @Override
    public boolean canEncode(final String name) {
        return true;
    }

    @Override
    public ByteBuffer encode(final String name) {
        final int length = name.length();
        final byte[] buf = new byte[length];
        // copy until end of input or output is reached.
        for (int i = 0; i < length; ++i) {
            buf[i] = (byte) name.charAt(i);
        }
        return ByteBuffer.wrap(buf);
    }

    @Override
    public String decode(final byte[] buffer) {
        final int length = buffer.length;
        final StringBuilder result = new StringBuilder(length);
        for (final byte b : buffer) {
            if (b == 0) {
                // Trailing null
                break;
            }
            // Allow for sign-extension
            result.append((char) (b & 0xFF));
        }
        return result.toString();
    }
};","<init>()
parseOctal(byte[], int, int) | public static
parseOctalOrBinary(byte[], int, int) | public static
parseBinaryLong(byte[], int, int, boolean) | private static
parseBinaryBigInteger(byte[], int, int, boolean) | private static
parseBoolean(byte[], int) | public static
exceptionMessage(byte[], int, int, int, byte) | private static
parseName(byte[], int, int) | public static
parseName(byte[], int, int, ZipEncoding) | public static | throws IOException
formatNameBytes(String, byte[], int, int) | public static
formatNameBytes(String, byte[], int, int, ZipEncoding) | public static | throws IOException
formatUnsignedOctalString(long, byte[], int, int) | public static
formatOctalBytes(long, byte[], int, int) | public static
formatLongOctalBytes(long, byte[], int, int) | public static
formatLongOctalOrBinaryBytes(long, byte[], int, int) | public static
formatLongBinary(long, byte[], int, int, boolean) | private static
formatBigIntegerBinary(long, byte[], int, int, boolean) | private static
formatCheckSumOctalBytes(long, byte[], int, int) | public static
computeCheckSum(byte[]) | public static",public static
